User,Repo,Branch,Folder,Path,CustomLink,RawURL
"mobsp","mobsp.github.io","gh-pages","ROOT",".nojekyll","https://mobsp.qzz.io/.nojekyll","https://raw.githubusercontent.com/mobsp/mobsp.github.io/gh-pages/.nojekyll"
"mobsp","mobsp.github.io","gh-pages","ROOT","CNAME","https://mobsp.qzz.io/CNAME","https://raw.githubusercontent.com/mobsp/mobsp.github.io/gh-pages/CNAME"
"mobsp","mobsp.github.io","gh-pages","ROOT","README.md","https://mobsp.qzz.io/README.md","https://raw.githubusercontent.com/mobsp/mobsp.github.io/gh-pages/README.md"
"mobsp","mobsp.github.io","gh-pages","_layouts","_layouts/mobi-space-article.html","https://mobsp.qzz.io/_layouts/mobi-space-article.html","https://raw.githubusercontent.com/mobsp/mobsp.github.io/gh-pages/_layouts/mobi-space-article.html"
"mobsp","mobsp.github.io","gh-pages","ROOT","app.yaml","https://mobsp.qzz.io/app.yaml","https://raw.githubusercontent.com/mobsp/mobsp.github.io/gh-pages/app.yaml"
"mobsp","mobsp.github.io","gh-pages","app","app/index.html","https://mobsp.qzz.io/app/index.html","https://raw.githubusercontent.com/mobsp/mobsp.github.io/gh-pages/app/index.html"
"mobsp","mobsp.github.io","gh-pages","ROOT","articles.json","https://mobsp.qzz.io/articles.json","https://raw.githubusercontent.com/mobsp/mobsp.github.io/gh-pages/articles.json"
"mobsp","mobsp.github.io","gh-pages","assets/brand","assets/brand/IMG_4802.png","https://mobsp.qzz.io/assets/brand/IMG_4802.png","https://raw.githubusercontent.com/mobsp/mobsp.github.io/gh-pages/assets/brand/IMG_4802.png"
"mobsp","mobsp.github.io","gh-pages","assets/brand","assets/brand/IMG_4802.webp","https://mobsp.qzz.io/assets/brand/IMG_4802.webp","https://raw.githubusercontent.com/mobsp/mobsp.github.io/gh-pages/assets/brand/IMG_4802.webp"
"mobsp","mobsp.github.io","gh-pages","assets/brand","assets/brand/IMG_4901.jpeg","https://mobsp.qzz.io/assets/brand/IMG_4901.jpeg","https://raw.githubusercontent.com/mobsp/mobsp.github.io/gh-pages/assets/brand/IMG_4901.jpeg"
"mobsp","mobsp.github.io","gh-pages","assets/brand","assets/brand/IMG_4901.webp","https://mobsp.qzz.io/assets/brand/IMG_4901.webp","https://raw.githubusercontent.com/mobsp/mobsp.github.io/gh-pages/assets/brand/IMG_4901.webp"
"mobsp","mobsp.github.io","gh-pages","assets/brand","assets/brand/README.md","https://mobsp.qzz.io/assets/brand/README.md","https://raw.githubusercontent.com/mobsp/mobsp.github.io/gh-pages/assets/brand/README.md"
"mobsp","mobsp.github.io","gh-pages","assets/brand","assets/brand/ScreenRecording_02-11-2026 07-51-30_1.mov","https://mobsp.qzz.io/assets/brand/ScreenRecording_02-11-2026 07-51-30_1.mov","https://raw.githubusercontent.com/mobsp/mobsp.github.io/gh-pages/assets/brand/ScreenRecording_02-11-2026 07-51-30_1.mov"
"mobsp","mobsp.github.io","gh-pages","assets/brand","assets/brand/apple-mobsp-icon.png","https://mobsp.qzz.io/assets/brand/apple-mobsp-icon.png","https://raw.githubusercontent.com/mobsp/mobsp.github.io/gh-pages/assets/brand/apple-mobsp-icon.png"
"mobsp","mobsp.github.io","gh-pages","assets/brand","assets/brand/apple-mobsp-icon.webp","https://mobsp.qzz.io/assets/brand/apple-mobsp-icon.webp","https://raw.githubusercontent.com/mobsp/mobsp.github.io/gh-pages/assets/brand/apple-mobsp-icon.webp"
"mobsp","mobsp.github.io","gh-pages","assets/brand","assets/brand/favicon-mobsp-icon.png","https://mobsp.qzz.io/assets/brand/favicon-mobsp-icon.png","https://raw.githubusercontent.com/mobsp/mobsp.github.io/gh-pages/assets/brand/favicon-mobsp-icon.png"
"mobsp","mobsp.github.io","gh-pages","assets/brand","assets/brand/favicon-mobsp-icon.webp","https://mobsp.qzz.io/assets/brand/favicon-mobsp-icon.webp","https://raw.githubusercontent.com/mobsp/mobsp.github.io/gh-pages/assets/brand/favicon-mobsp-icon.webp"
"mobsp","mobsp.github.io","gh-pages","assets/brand","assets/brand/mobsp-icon.png","https://mobsp.qzz.io/assets/brand/mobsp-icon.png","https://raw.githubusercontent.com/mobsp/mobsp.github.io/gh-pages/assets/brand/mobsp-icon.png"
"mobsp","mobsp.github.io","gh-pages","assets/brand","assets/brand/mobsp-icon.svg","https://mobsp.qzz.io/assets/brand/mobsp-icon.svg","https://raw.githubusercontent.com/mobsp/mobsp.github.io/gh-pages/assets/brand/mobsp-icon.svg"
"mobsp","mobsp.github.io","gh-pages","assets/brand","assets/brand/mobsp-icon.webp","https://mobsp.qzz.io/assets/brand/mobsp-icon.webp","https://raw.githubusercontent.com/mobsp/mobsp.github.io/gh-pages/assets/brand/mobsp-icon.webp"
"mobsp","mobsp.github.io","gh-pages","assets/brand","assets/brand/mobsp-logo.png","https://mobsp.qzz.io/assets/brand/mobsp-logo.png","https://raw.githubusercontent.com/mobsp/mobsp.github.io/gh-pages/assets/brand/mobsp-logo.png"
"mobsp","mobsp.github.io","gh-pages","assets/brand","assets/brand/mobsp-logo.webp","https://mobsp.qzz.io/assets/brand/mobsp-logo.webp","https://raw.githubusercontent.com/mobsp/mobsp.github.io/gh-pages/assets/brand/mobsp-logo.webp"
"mobsp","mobsp.github.io","gh-pages","assets/brand","assets/brand/ms-blog-title.JPEG","https://mobsp.qzz.io/assets/brand/ms-blog-title.JPEG","https://raw.githubusercontent.com/mobsp/mobsp.github.io/gh-pages/assets/brand/ms-blog-title.JPEG"
"mobsp","mobsp.github.io","gh-pages","assets/brand","assets/brand/ms-blog-title.webp","https://mobsp.qzz.io/assets/brand/ms-blog-title.webp","https://raw.githubusercontent.com/mobsp/mobsp.github.io/gh-pages/assets/brand/ms-blog-title.webp"
"mobsp","mobsp.github.io","gh-pages","assets/brand","assets/brand/ms-blog.JPEG","https://mobsp.qzz.io/assets/brand/ms-blog.JPEG","https://raw.githubusercontent.com/mobsp/mobsp.github.io/gh-pages/assets/brand/ms-blog.JPEG"
"mobsp","mobsp.github.io","gh-pages","assets/brand","assets/brand/ms-blog.webp","https://mobsp.qzz.io/assets/brand/ms-blog.webp","https://raw.githubusercontent.com/mobsp/mobsp.github.io/gh-pages/assets/brand/ms-blog.webp"
"mobsp","mobsp.github.io","gh-pages","assets/brand","assets/brand/ms-guide-title.JPEG","https://mobsp.qzz.io/assets/brand/ms-guide-title.JPEG","https://raw.githubusercontent.com/mobsp/mobsp.github.io/gh-pages/assets/brand/ms-guide-title.JPEG"
"mobsp","mobsp.github.io","gh-pages","assets/brand","assets/brand/ms-guide-title.webp","https://mobsp.qzz.io/assets/brand/ms-guide-title.webp","https://raw.githubusercontent.com/mobsp/mobsp.github.io/gh-pages/assets/brand/ms-guide-title.webp"
"mobsp","mobsp.github.io","gh-pages","assets/brand","assets/brand/ms-guide.JPEG","https://mobsp.qzz.io/assets/brand/ms-guide.JPEG","https://raw.githubusercontent.com/mobsp/mobsp.github.io/gh-pages/assets/brand/ms-guide.JPEG"
"mobsp","mobsp.github.io","gh-pages","assets/brand","assets/brand/ms-guide.webp","https://mobsp.qzz.io/assets/brand/ms-guide.webp","https://raw.githubusercontent.com/mobsp/mobsp.github.io/gh-pages/assets/brand/ms-guide.webp"
"mobsp","mobsp.github.io","gh-pages","assets/brand","assets/brand/ms-history-title.JPEG","https://mobsp.qzz.io/assets/brand/ms-history-title.JPEG","https://raw.githubusercontent.com/mobsp/mobsp.github.io/gh-pages/assets/brand/ms-history-title.JPEG"
"mobsp","mobsp.github.io","gh-pages","assets/brand","assets/brand/ms-history-title.webp","https://mobsp.qzz.io/assets/brand/ms-history-title.webp","https://raw.githubusercontent.com/mobsp/mobsp.github.io/gh-pages/assets/brand/ms-history-title.webp"
"mobsp","mobsp.github.io","gh-pages","assets/brand","assets/brand/ms-logo.JPEG","https://mobsp.qzz.io/assets/brand/ms-logo.JPEG","https://raw.githubusercontent.com/mobsp/mobsp.github.io/gh-pages/assets/brand/ms-logo.JPEG"
"mobsp","mobsp.github.io","gh-pages","assets/brand","assets/brand/ms-logo.webp","https://mobsp.qzz.io/assets/brand/ms-logo.webp","https://raw.githubusercontent.com/mobsp/mobsp.github.io/gh-pages/assets/brand/ms-logo.webp"
"mobsp","mobsp.github.io","gh-pages","assets/brand","assets/brand/ms-logo1.JPEG","https://mobsp.qzz.io/assets/brand/ms-logo1.JPEG","https://raw.githubusercontent.com/mobsp/mobsp.github.io/gh-pages/assets/brand/ms-logo1.JPEG"
"mobsp","mobsp.github.io","gh-pages","assets/brand","assets/brand/ms-logo1.webp","https://mobsp.qzz.io/assets/brand/ms-logo1.webp","https://raw.githubusercontent.com/mobsp/mobsp.github.io/gh-pages/assets/brand/ms-logo1.webp"
"mobsp","mobsp.github.io","gh-pages","assets/brand","assets/brand/ms-music-title.JPEG","https://mobsp.qzz.io/assets/brand/ms-music-title.JPEG","https://raw.githubusercontent.com/mobsp/mobsp.github.io/gh-pages/assets/brand/ms-music-title.JPEG"
"mobsp","mobsp.github.io","gh-pages","assets/brand","assets/brand/ms-music-title.webp","https://mobsp.qzz.io/assets/brand/ms-music-title.webp","https://raw.githubusercontent.com/mobsp/mobsp.github.io/gh-pages/assets/brand/ms-music-title.webp"
"mobsp","mobsp.github.io","gh-pages","assets/brand","assets/brand/ms-music.JPEG","https://mobsp.qzz.io/assets/brand/ms-music.JPEG","https://raw.githubusercontent.com/mobsp/mobsp.github.io/gh-pages/assets/brand/ms-music.JPEG"
"mobsp","mobsp.github.io","gh-pages","assets/brand","assets/brand/ms-music.webp","https://mobsp.qzz.io/assets/brand/ms-music.webp","https://raw.githubusercontent.com/mobsp/mobsp.github.io/gh-pages/assets/brand/ms-music.webp"
"mobsp","mobsp.github.io","gh-pages","assets/brand","assets/brand/ms-post.JPEG","https://mobsp.qzz.io/assets/brand/ms-post.JPEG","https://raw.githubusercontent.com/mobsp/mobsp.github.io/gh-pages/assets/brand/ms-post.JPEG"
"mobsp","mobsp.github.io","gh-pages","assets/brand","assets/brand/ms-post.webp","https://mobsp.qzz.io/assets/brand/ms-post.webp","https://raw.githubusercontent.com/mobsp/mobsp.github.io/gh-pages/assets/brand/ms-post.webp"
"mobsp","mobsp.github.io","gh-pages","assets/brand","assets/brand/ms-setting-title.JPEG","https://mobsp.qzz.io/assets/brand/ms-setting-title.JPEG","https://raw.githubusercontent.com/mobsp/mobsp.github.io/gh-pages/assets/brand/ms-setting-title.JPEG"
"mobsp","mobsp.github.io","gh-pages","assets/brand","assets/brand/ms-setting-title.webp","https://mobsp.qzz.io/assets/brand/ms-setting-title.webp","https://raw.githubusercontent.com/mobsp/mobsp.github.io/gh-pages/assets/brand/ms-setting-title.webp"
"mobsp","mobsp.github.io","gh-pages","assets/brand","assets/brand/ms-shorts-title.JPEG","https://mobsp.qzz.io/assets/brand/ms-shorts-title.JPEG","https://raw.githubusercontent.com/mobsp/mobsp.github.io/gh-pages/assets/brand/ms-shorts-title.JPEG"
"mobsp","mobsp.github.io","gh-pages","assets/brand","assets/brand/ms-shorts-title.webp","https://mobsp.qzz.io/assets/brand/ms-shorts-title.webp","https://raw.githubusercontent.com/mobsp/mobsp.github.io/gh-pages/assets/brand/ms-shorts-title.webp"
"mobsp","mobsp.github.io","gh-pages","assets/brand","assets/brand/ms-shorts.JPEG","https://mobsp.qzz.io/assets/brand/ms-shorts.JPEG","https://raw.githubusercontent.com/mobsp/mobsp.github.io/gh-pages/assets/brand/ms-shorts.JPEG"
"mobsp","mobsp.github.io","gh-pages","assets/brand","assets/brand/ms-shorts.webp","https://mobsp.qzz.io/assets/brand/ms-shorts.webp","https://raw.githubusercontent.com/mobsp/mobsp.github.io/gh-pages/assets/brand/ms-shorts.webp"
"mobsp","mobsp.github.io","gh-pages","assets/brand","assets/brand/ms-svg-view-title.JPEG","https://mobsp.qzz.io/assets/brand/ms-svg-view-title.JPEG","https://raw.githubusercontent.com/mobsp/mobsp.github.io/gh-pages/assets/brand/ms-svg-view-title.JPEG"
"mobsp","mobsp.github.io","gh-pages","assets/brand","assets/brand/ms-svg-view-title.webp","https://mobsp.qzz.io/assets/brand/ms-svg-view-title.webp","https://raw.githubusercontent.com/mobsp/mobsp.github.io/gh-pages/assets/brand/ms-svg-view-title.webp"
"mobsp","mobsp.github.io","gh-pages","assets/brand","assets/brand/ms-tools-title.JPEG","https://mobsp.qzz.io/assets/brand/ms-tools-title.JPEG","https://raw.githubusercontent.com/mobsp/mobsp.github.io/gh-pages/assets/brand/ms-tools-title.JPEG"
"mobsp","mobsp.github.io","gh-pages","assets/brand","assets/brand/ms-tools-title.webp","https://mobsp.qzz.io/assets/brand/ms-tools-title.webp","https://raw.githubusercontent.com/mobsp/mobsp.github.io/gh-pages/assets/brand/ms-tools-title.webp"
"mobsp","mobsp.github.io","gh-pages","assets/brand","assets/brand/ms-tools.JPEG","https://mobsp.qzz.io/assets/brand/ms-tools.JPEG","https://raw.githubusercontent.com/mobsp/mobsp.github.io/gh-pages/assets/brand/ms-tools.JPEG"
"mobsp","mobsp.github.io","gh-pages","assets/brand","assets/brand/ms-tools.webp","https://mobsp.qzz.io/assets/brand/ms-tools.webp","https://raw.githubusercontent.com/mobsp/mobsp.github.io/gh-pages/assets/brand/ms-tools.webp"
"mobsp","mobsp.github.io","gh-pages","assets/brand","assets/brand/ms-wiki-title.JPEG","https://mobsp.qzz.io/assets/brand/ms-wiki-title.JPEG","https://raw.githubusercontent.com/mobsp/mobsp.github.io/gh-pages/assets/brand/ms-wiki-title.JPEG"
"mobsp","mobsp.github.io","gh-pages","assets/brand","assets/brand/ms-wiki-title.webp","https://mobsp.qzz.io/assets/brand/ms-wiki-title.webp","https://raw.githubusercontent.com/mobsp/mobsp.github.io/gh-pages/assets/brand/ms-wiki-title.webp"
"mobsp","mobsp.github.io","gh-pages","assets/brand","assets/brand/ms-wiki.JPEG","https://mobsp.qzz.io/assets/brand/ms-wiki.JPEG","https://raw.githubusercontent.com/mobsp/mobsp.github.io/gh-pages/assets/brand/ms-wiki.JPEG"
"mobsp","mobsp.github.io","gh-pages","assets/brand","assets/brand/ms-wiki.webp","https://mobsp.qzz.io/assets/brand/ms-wiki.webp","https://raw.githubusercontent.com/mobsp/mobsp.github.io/gh-pages/assets/brand/ms-wiki.webp"
"mobsp","mobsp.github.io","gh-pages","assets/brand","assets/brand/莫比音樂Logo.jpeg","https://mobsp.qzz.io/assets/brand/莫比音樂Logo.jpeg","https://raw.githubusercontent.com/mobsp/mobsp.github.io/gh-pages/assets/brand/莫比音樂Logo.jpeg"
"mobsp","mobsp.github.io","gh-pages","assets/brand","assets/brand/莫比音樂Logo.webp","https://mobsp.qzz.io/assets/brand/莫比音樂Logo.webp","https://raw.githubusercontent.com/mobsp/mobsp.github.io/gh-pages/assets/brand/莫比音樂Logo.webp"
"mobsp","mobsp.github.io","gh-pages","assets/icon/svg","assets/icon/svg/alarm_off.svg","https://mobsp.qzz.io/assets/icon/svg/alarm_off.svg","https://raw.githubusercontent.com/mobsp/mobsp.github.io/gh-pages/assets/icon/svg/alarm_off.svg"
"mobsp","mobsp.github.io","gh-pages","assets/icon/svg","assets/icon/svg/alarm_on.svg","https://mobsp.qzz.io/assets/icon/svg/alarm_on.svg","https://raw.githubusercontent.com/mobsp/mobsp.github.io/gh-pages/assets/icon/svg/alarm_on.svg"
"mobsp","mobsp.github.io","gh-pages","assets/icon/svg","assets/icon/svg/badge_dollar.svg","https://mobsp.qzz.io/assets/icon/svg/badge_dollar.svg","https://raw.githubusercontent.com/mobsp/mobsp.github.io/gh-pages/assets/icon/svg/badge_dollar.svg"
"mobsp","mobsp.github.io","gh-pages","assets/icon/svg","assets/icon/svg/bank.svg","https://mobsp.qzz.io/assets/icon/svg/bank.svg","https://raw.githubusercontent.com/mobsp/mobsp.github.io/gh-pages/assets/icon/svg/bank.svg"
"mobsp","mobsp.github.io","gh-pages","assets/icon/svg","assets/icon/svg/barcode.svg","https://mobsp.qzz.io/assets/icon/svg/barcode.svg","https://raw.githubusercontent.com/mobsp/mobsp.github.io/gh-pages/assets/icon/svg/barcode.svg"
"mobsp","mobsp.github.io","gh-pages","assets/icon/svg","assets/icon/svg/battery_charging.svg","https://mobsp.qzz.io/assets/icon/svg/battery_charging.svg","https://raw.githubusercontent.com/mobsp/mobsp.github.io/gh-pages/assets/icon/svg/battery_charging.svg"
"mobsp","mobsp.github.io","gh-pages","assets/icon/svg","assets/icon/svg/battery_empty.svg","https://mobsp.qzz.io/assets/icon/svg/battery_empty.svg","https://raw.githubusercontent.com/mobsp/mobsp.github.io/gh-pages/assets/icon/svg/battery_empty.svg"
"mobsp","mobsp.github.io","gh-pages","assets/icon/svg","assets/icon/svg/battery_full.svg","https://mobsp.qzz.io/assets/icon/svg/battery_full.svg","https://raw.githubusercontent.com/mobsp/mobsp.github.io/gh-pages/assets/icon/svg/battery_full.svg"
"mobsp","mobsp.github.io","gh-pages","assets/icon/svg","assets/icon/svg/bell_off.svg","https://mobsp.qzz.io/assets/icon/svg/bell_off.svg","https://raw.githubusercontent.com/mobsp/mobsp.github.io/gh-pages/assets/icon/svg/bell_off.svg"
"mobsp","mobsp.github.io","gh-pages","assets/icon/svg","assets/icon/svg/bell_on.svg","https://mobsp.qzz.io/assets/icon/svg/bell_on.svg","https://raw.githubusercontent.com/mobsp/mobsp.github.io/gh-pages/assets/icon/svg/bell_on.svg"
"mobsp","mobsp.github.io","gh-pages","assets/icon/svg","assets/icon/svg/bezier.svg","https://mobsp.qzz.io/assets/icon/svg/bezier.svg","https://raw.githubusercontent.com/mobsp/mobsp.github.io/gh-pages/assets/icon/svg/bezier.svg"
"mobsp","mobsp.github.io","gh-pages","assets/icon/svg","assets/icon/svg/bluetooth.svg","https://mobsp.qzz.io/assets/icon/svg/bluetooth.svg","https://raw.githubusercontent.com/mobsp/mobsp.github.io/gh-pages/assets/icon/svg/bluetooth.svg"
"mobsp","mobsp.github.io","gh-pages","assets/icon/svg","assets/icon/svg/bookmark.svg","https://mobsp.qzz.io/assets/icon/svg/bookmark.svg","https://raw.githubusercontent.com/mobsp/mobsp.github.io/gh-pages/assets/icon/svg/bookmark.svg"
"mobsp","mobsp.github.io","gh-pages","assets/icon/svg","assets/icon/svg/bookmark_check.svg","https://mobsp.qzz.io/assets/icon/svg/bookmark_check.svg","https://raw.githubusercontent.com/mobsp/mobsp.github.io/gh-pages/assets/icon/svg/bookmark_check.svg"
"mobsp","mobsp.github.io","gh-pages","assets/icon/svg","assets/icon/svg/bookmark_minus.svg","https://mobsp.qzz.io/assets/icon/svg/bookmark_minus.svg","https://raw.githubusercontent.com/mobsp/mobsp.github.io/gh-pages/assets/icon/svg/bookmark_minus.svg"
"mobsp","mobsp.github.io","gh-pages","assets/icon/svg","assets/icon/svg/bookmark_plus.svg","https://mobsp.qzz.io/assets/icon/svg/bookmark_plus.svg","https://raw.githubusercontent.com/mobsp/mobsp.github.io/gh-pages/assets/icon/svg/bookmark_plus.svg"
"mobsp","mobsp.github.io","gh-pages","assets/icon/svg","assets/icon/svg/bookmark_remove.svg","https://mobsp.qzz.io/assets/icon/svg/bookmark_remove.svg","https://raw.githubusercontent.com/mobsp/mobsp.github.io/gh-pages/assets/icon/svg/bookmark_remove.svg"
"mobsp","mobsp.github.io","gh-pages","assets/icon/svg","assets/icon/svg/box_list.svg","https://mobsp.qzz.io/assets/icon/svg/box_list.svg","https://raw.githubusercontent.com/mobsp/mobsp.github.io/gh-pages/assets/icon/svg/box_list.svg"
"mobsp","mobsp.github.io","gh-pages","assets/icon/svg","assets/icon/svg/boxes.svg","https://mobsp.qzz.io/assets/icon/svg/boxes.svg","https://raw.githubusercontent.com/mobsp/mobsp.github.io/gh-pages/assets/icon/svg/boxes.svg"
"mobsp","mobsp.github.io","gh-pages","assets/icon/svg","assets/icon/svg/brightness_down.svg","https://mobsp.qzz.io/assets/icon/svg/brightness_down.svg","https://raw.githubusercontent.com/mobsp/mobsp.github.io/gh-pages/assets/icon/svg/brightness_down.svg"
"mobsp","mobsp.github.io","gh-pages","assets/icon/svg","assets/icon/svg/brightness_up.svg","https://mobsp.qzz.io/assets/icon/svg/brightness_up.svg","https://raw.githubusercontent.com/mobsp/mobsp.github.io/gh-pages/assets/icon/svg/brightness_up.svg"
"mobsp","mobsp.github.io","gh-pages","assets/icon/svg","assets/icon/svg/bullhorn.svg","https://mobsp.qzz.io/assets/icon/svg/bullhorn.svg","https://raw.githubusercontent.com/mobsp/mobsp.github.io/gh-pages/assets/icon/svg/bullhorn.svg"
"mobsp","mobsp.github.io","gh-pages","assets/icon/svg","assets/icon/svg/calculator_1.svg","https://mobsp.qzz.io/assets/icon/svg/calculator_1.svg","https://raw.githubusercontent.com/mobsp/mobsp.github.io/gh-pages/assets/icon/svg/calculator_1.svg"
"mobsp","mobsp.github.io","gh-pages","assets/icon/svg","assets/icon/svg/calculator_2.svg","https://mobsp.qzz.io/assets/icon/svg/calculator_2.svg","https://raw.githubusercontent.com/mobsp/mobsp.github.io/gh-pages/assets/icon/svg/calculator_2.svg"
"mobsp","mobsp.github.io","gh-pages","assets/icon/svg","assets/icon/svg/calendar.svg","https://mobsp.qzz.io/assets/icon/svg/calendar.svg","https://raw.githubusercontent.com/mobsp/mobsp.github.io/gh-pages/assets/icon/svg/calendar.svg"
"mobsp","mobsp.github.io","gh-pages","assets/icon/svg","assets/icon/svg/calendar_date.svg","https://mobsp.qzz.io/assets/icon/svg/calendar_date.svg","https://raw.githubusercontent.com/mobsp/mobsp.github.io/gh-pages/assets/icon/svg/calendar_date.svg"
"mobsp","mobsp.github.io","gh-pages","assets/icon/svg","assets/icon/svg/camera.svg","https://mobsp.qzz.io/assets/icon/svg/camera.svg","https://raw.githubusercontent.com/mobsp/mobsp.github.io/gh-pages/assets/icon/svg/camera.svg"
"mobsp","mobsp.github.io","gh-pages","assets/icon/svg","assets/icon/svg/chat_1.svg","https://mobsp.qzz.io/assets/icon/svg/chat_1.svg","https://raw.githubusercontent.com/mobsp/mobsp.github.io/gh-pages/assets/icon/svg/chat_1.svg"
"mobsp","mobsp.github.io","gh-pages","assets/icon/svg","assets/icon/svg/chat_2.svg","https://mobsp.qzz.io/assets/icon/svg/chat_2.svg","https://raw.githubusercontent.com/mobsp/mobsp.github.io/gh-pages/assets/icon/svg/chat_2.svg"
"mobsp","mobsp.github.io","gh-pages","assets/icon/svg","assets/icon/svg/circle_alert.svg","https://mobsp.qzz.io/assets/icon/svg/circle_alert.svg","https://raw.githubusercontent.com/mobsp/mobsp.github.io/gh-pages/assets/icon/svg/circle_alert.svg"
"mobsp","mobsp.github.io","gh-pages","assets/icon/svg","assets/icon/svg/circle_check.svg","https://mobsp.qzz.io/assets/icon/svg/circle_check.svg","https://raw.githubusercontent.com/mobsp/mobsp.github.io/gh-pages/assets/icon/svg/circle_check.svg"
"mobsp","mobsp.github.io","gh-pages","assets/icon/svg","assets/icon/svg/circle_chev_down.svg","https://mobsp.qzz.io/assets/icon/svg/circle_chev_down.svg","https://raw.githubusercontent.com/mobsp/mobsp.github.io/gh-pages/assets/icon/svg/circle_chev_down.svg"
"mobsp","mobsp.github.io","gh-pages","assets/icon/svg","assets/icon/svg/circle_chev_left.svg","https://mobsp.qzz.io/assets/icon/svg/circle_chev_left.svg","https://raw.githubusercontent.com/mobsp/mobsp.github.io/gh-pages/assets/icon/svg/circle_chev_left.svg"
"mobsp","mobsp.github.io","gh-pages","assets/icon/svg","assets/icon/svg/circle_chev_right.svg","https://mobsp.qzz.io/assets/icon/svg/circle_chev_right.svg","https://raw.githubusercontent.com/mobsp/mobsp.github.io/gh-pages/assets/icon/svg/circle_chev_right.svg"
"mobsp","mobsp.github.io","gh-pages","assets/icon/svg","assets/icon/svg/circle_chev_up.svg","https://mobsp.qzz.io/assets/icon/svg/circle_chev_up.svg","https://raw.githubusercontent.com/mobsp/mobsp.github.io/gh-pages/assets/icon/svg/circle_chev_up.svg"
"mobsp","mobsp.github.io","gh-pages","assets/icon/svg","assets/icon/svg/circle_info.svg","https://mobsp.qzz.io/assets/icon/svg/circle_info.svg","https://raw.githubusercontent.com/mobsp/mobsp.github.io/gh-pages/assets/icon/svg/circle_info.svg"
"mobsp","mobsp.github.io","gh-pages","assets/icon/svg","assets/icon/svg/circle_list.svg","https://mobsp.qzz.io/assets/icon/svg/circle_list.svg","https://raw.githubusercontent.com/mobsp/mobsp.github.io/gh-pages/assets/icon/svg/circle_list.svg"
"mobsp","mobsp.github.io","gh-pages","assets/icon/svg","assets/icon/svg/circle_minus.svg","https://mobsp.qzz.io/assets/icon/svg/circle_minus.svg","https://raw.githubusercontent.com/mobsp/mobsp.github.io/gh-pages/assets/icon/svg/circle_minus.svg"
"mobsp","mobsp.github.io","gh-pages","assets/icon/svg","assets/icon/svg/circle_more.svg","https://mobsp.qzz.io/assets/icon/svg/circle_more.svg","https://raw.githubusercontent.com/mobsp/mobsp.github.io/gh-pages/assets/icon/svg/circle_more.svg"
"mobsp","mobsp.github.io","gh-pages","assets/icon/svg","assets/icon/svg/circle_plus.svg","https://mobsp.qzz.io/assets/icon/svg/circle_plus.svg","https://raw.githubusercontent.com/mobsp/mobsp.github.io/gh-pages/assets/icon/svg/circle_plus.svg"
"mobsp","mobsp.github.io","gh-pages","assets/icon/svg","assets/icon/svg/circle_question.svg","https://mobsp.qzz.io/assets/icon/svg/circle_question.svg","https://raw.githubusercontent.com/mobsp/mobsp.github.io/gh-pages/assets/icon/svg/circle_question.svg"
"mobsp","mobsp.github.io","gh-pages","assets/icon/svg","assets/icon/svg/circle_remove.svg","https://mobsp.qzz.io/assets/icon/svg/circle_remove.svg","https://raw.githubusercontent.com/mobsp/mobsp.github.io/gh-pages/assets/icon/svg/circle_remove.svg"
"mobsp","mobsp.github.io","gh-pages","assets/icon/svg","assets/icon/svg/clock_1.svg","https://mobsp.qzz.io/assets/icon/svg/clock_1.svg","https://raw.githubusercontent.com/mobsp/mobsp.github.io/gh-pages/assets/icon/svg/clock_1.svg"
"mobsp","mobsp.github.io","gh-pages","assets/icon/svg","assets/icon/svg/clock_2.svg","https://mobsp.qzz.io/assets/icon/svg/clock_2.svg","https://raw.githubusercontent.com/mobsp/mobsp.github.io/gh-pages/assets/icon/svg/clock_2.svg"
"mobsp","mobsp.github.io","gh-pages","assets/icon/svg","assets/icon/svg/cloud.svg","https://mobsp.qzz.io/assets/icon/svg/cloud.svg","https://raw.githubusercontent.com/mobsp/mobsp.github.io/gh-pages/assets/icon/svg/cloud.svg"
"mobsp","mobsp.github.io","gh-pages","assets/icon/svg","assets/icon/svg/cloud_drizzle.svg","https://mobsp.qzz.io/assets/icon/svg/cloud_drizzle.svg","https://raw.githubusercontent.com/mobsp/mobsp.github.io/gh-pages/assets/icon/svg/cloud_drizzle.svg"
"mobsp","mobsp.github.io","gh-pages","assets/icon/svg","assets/icon/svg/cloud_moon.svg","https://mobsp.qzz.io/assets/icon/svg/cloud_moon.svg","https://raw.githubusercontent.com/mobsp/mobsp.github.io/gh-pages/assets/icon/svg/cloud_moon.svg"
"mobsp","mobsp.github.io","gh-pages","assets/icon/svg","assets/icon/svg/cloud_off.svg","https://mobsp.qzz.io/assets/icon/svg/cloud_off.svg","https://raw.githubusercontent.com/mobsp/mobsp.github.io/gh-pages/assets/icon/svg/cloud_off.svg"
"mobsp","mobsp.github.io","gh-pages","assets/icon/svg","assets/icon/svg/cloud_on.svg","https://mobsp.qzz.io/assets/icon/svg/cloud_on.svg","https://raw.githubusercontent.com/mobsp/mobsp.github.io/gh-pages/assets/icon/svg/cloud_on.svg"
"mobsp","mobsp.github.io","gh-pages","assets/icon/svg","assets/icon/svg/cloud_rainbow.svg","https://mobsp.qzz.io/assets/icon/svg/cloud_rainbow.svg","https://raw.githubusercontent.com/mobsp/mobsp.github.io/gh-pages/assets/icon/svg/cloud_rainbow.svg"
"mobsp","mobsp.github.io","gh-pages","assets/icon/svg","assets/icon/svg/cloud_sun.svg","https://mobsp.qzz.io/assets/icon/svg/cloud_sun.svg","https://raw.githubusercontent.com/mobsp/mobsp.github.io/gh-pages/assets/icon/svg/cloud_sun.svg"
"mobsp","mobsp.github.io","gh-pages","assets/icon/svg","assets/icon/svg/compass_1.svg","https://mobsp.qzz.io/assets/icon/svg/compass_1.svg","https://raw.githubusercontent.com/mobsp/mobsp.github.io/gh-pages/assets/icon/svg/compass_1.svg"
"mobsp","mobsp.github.io","gh-pages","assets/icon/svg","assets/icon/svg/crop.svg","https://mobsp.qzz.io/assets/icon/svg/crop.svg","https://raw.githubusercontent.com/mobsp/mobsp.github.io/gh-pages/assets/icon/svg/crop.svg"
"mobsp","mobsp.github.io","gh-pages","assets/icon/svg","assets/icon/svg/dark.svg","https://mobsp.qzz.io/assets/icon/svg/dark.svg","https://raw.githubusercontent.com/mobsp/mobsp.github.io/gh-pages/assets/icon/svg/dark.svg"
"mobsp","mobsp.github.io","gh-pages","assets/icon/svg","assets/icon/svg/database.svg","https://mobsp.qzz.io/assets/icon/svg/database.svg","https://raw.githubusercontent.com/mobsp/mobsp.github.io/gh-pages/assets/icon/svg/database.svg"
"mobsp","mobsp.github.io","gh-pages","assets/icon/svg","assets/icon/svg/desktop.svg","https://mobsp.qzz.io/assets/icon/svg/desktop.svg","https://raw.githubusercontent.com/mobsp/mobsp.github.io/gh-pages/assets/icon/svg/desktop.svg"
"mobsp","mobsp.github.io","gh-pages","assets/icon/svg","assets/icon/svg/discount_1.svg","https://mobsp.qzz.io/assets/icon/svg/discount_1.svg","https://raw.githubusercontent.com/mobsp/mobsp.github.io/gh-pages/assets/icon/svg/discount_1.svg"
"mobsp","mobsp.github.io","gh-pages","assets/icon/svg","assets/icon/svg/dollar.svg","https://mobsp.qzz.io/assets/icon/svg/dollar.svg","https://raw.githubusercontent.com/mobsp/mobsp.github.io/gh-pages/assets/icon/svg/dollar.svg"
"mobsp","mobsp.github.io","gh-pages","assets/icon/svg","assets/icon/svg/droplet.svg","https://mobsp.qzz.io/assets/icon/svg/droplet.svg","https://raw.githubusercontent.com/mobsp/mobsp.github.io/gh-pages/assets/icon/svg/droplet.svg"
"mobsp","mobsp.github.io","gh-pages","assets/icon/svg","assets/icon/svg/edit.svg","https://mobsp.qzz.io/assets/icon/svg/edit.svg","https://raw.githubusercontent.com/mobsp/mobsp.github.io/gh-pages/assets/icon/svg/edit.svg"
"mobsp","mobsp.github.io","gh-pages","assets/icon/svg","assets/icon/svg/eraser.svg","https://mobsp.qzz.io/assets/icon/svg/eraser.svg","https://raw.githubusercontent.com/mobsp/mobsp.github.io/gh-pages/assets/icon/svg/eraser.svg"
"mobsp","mobsp.github.io","gh-pages","assets/icon/svg","assets/icon/svg/export.svg","https://mobsp.qzz.io/assets/icon/svg/export.svg","https://raw.githubusercontent.com/mobsp/mobsp.github.io/gh-pages/assets/icon/svg/export.svg"
"mobsp","mobsp.github.io","gh-pages","assets/icon/svg","assets/icon/svg/face_frown.svg","https://mobsp.qzz.io/assets/icon/svg/face_frown.svg","https://raw.githubusercontent.com/mobsp/mobsp.github.io/gh-pages/assets/icon/svg/face_frown.svg"
"mobsp","mobsp.github.io","gh-pages","assets/icon/svg","assets/icon/svg/face_meh.svg","https://mobsp.qzz.io/assets/icon/svg/face_meh.svg","https://raw.githubusercontent.com/mobsp/mobsp.github.io/gh-pages/assets/icon/svg/face_meh.svg"
"mobsp","mobsp.github.io","gh-pages","assets/icon/svg","assets/icon/svg/face_smile.svg","https://mobsp.qzz.io/assets/icon/svg/face_smile.svg","https://raw.githubusercontent.com/mobsp/mobsp.github.io/gh-pages/assets/icon/svg/face_smile.svg"
"mobsp","mobsp.github.io","gh-pages","assets/icon/svg","assets/icon/svg/facebook.svg","https://mobsp.qzz.io/assets/icon/svg/facebook.svg","https://raw.githubusercontent.com/mobsp/mobsp.github.io/gh-pages/assets/icon/svg/facebook.svg"
"mobsp","mobsp.github.io","gh-pages","assets/icon/svg","assets/icon/svg/file_off.svg","https://mobsp.qzz.io/assets/icon/svg/file_off.svg","https://raw.githubusercontent.com/mobsp/mobsp.github.io/gh-pages/assets/icon/svg/file_off.svg"
"mobsp","mobsp.github.io","gh-pages","assets/icon/svg","assets/icon/svg/file_on.svg","https://mobsp.qzz.io/assets/icon/svg/file_on.svg","https://raw.githubusercontent.com/mobsp/mobsp.github.io/gh-pages/assets/icon/svg/file_on.svg"
"mobsp","mobsp.github.io","gh-pages","assets/icon/svg","assets/icon/svg/filter.svg","https://mobsp.qzz.io/assets/icon/svg/filter.svg","https://raw.githubusercontent.com/mobsp/mobsp.github.io/gh-pages/assets/icon/svg/filter.svg"
"mobsp","mobsp.github.io","gh-pages","assets/icon/svg","assets/icon/svg/flag_1.svg","https://mobsp.qzz.io/assets/icon/svg/flag_1.svg","https://raw.githubusercontent.com/mobsp/mobsp.github.io/gh-pages/assets/icon/svg/flag_1.svg"
"mobsp","mobsp.github.io","gh-pages","assets/icon/svg","assets/icon/svg/floppy_disk.svg","https://mobsp.qzz.io/assets/icon/svg/floppy_disk.svg","https://raw.githubusercontent.com/mobsp/mobsp.github.io/gh-pages/assets/icon/svg/floppy_disk.svg"
"mobsp","mobsp.github.io","gh-pages","assets/icon/svg","assets/icon/svg/folder_off.svg","https://mobsp.qzz.io/assets/icon/svg/folder_off.svg","https://raw.githubusercontent.com/mobsp/mobsp.github.io/gh-pages/assets/icon/svg/folder_off.svg"
"mobsp","mobsp.github.io","gh-pages","assets/icon/svg","assets/icon/svg/folder_on.svg","https://mobsp.qzz.io/assets/icon/svg/folder_on.svg","https://raw.githubusercontent.com/mobsp/mobsp.github.io/gh-pages/assets/icon/svg/folder_on.svg"
"mobsp","mobsp.github.io","gh-pages","assets/icon/svg","assets/icon/svg/gift.svg","https://mobsp.qzz.io/assets/icon/svg/gift.svg","https://raw.githubusercontent.com/mobsp/mobsp.github.io/gh-pages/assets/icon/svg/gift.svg"
"mobsp","mobsp.github.io","gh-pages","assets/icon/svg","assets/icon/svg/globe.svg","https://mobsp.qzz.io/assets/icon/svg/globe.svg","https://raw.githubusercontent.com/mobsp/mobsp.github.io/gh-pages/assets/icon/svg/globe.svg"
"mobsp","mobsp.github.io","gh-pages","assets/icon/svg","assets/icon/svg/gps.svg","https://mobsp.qzz.io/assets/icon/svg/gps.svg","https://raw.githubusercontent.com/mobsp/mobsp.github.io/gh-pages/assets/icon/svg/gps.svg"
"mobsp","mobsp.github.io","gh-pages","assets/icon/svg","assets/icon/svg/grid_2-h.svg","https://mobsp.qzz.io/assets/icon/svg/grid_2-h.svg","https://raw.githubusercontent.com/mobsp/mobsp.github.io/gh-pages/assets/icon/svg/grid_2-h.svg"
"mobsp","mobsp.github.io","gh-pages","assets/icon/svg","assets/icon/svg/grid_2-v.svg","https://mobsp.qzz.io/assets/icon/svg/grid_2-v.svg","https://raw.githubusercontent.com/mobsp/mobsp.github.io/gh-pages/assets/icon/svg/grid_2-v.svg"
"mobsp","mobsp.github.io","gh-pages","assets/icon/svg","assets/icon/svg/grid_4-1.svg","https://mobsp.qzz.io/assets/icon/svg/grid_4-1.svg","https://raw.githubusercontent.com/mobsp/mobsp.github.io/gh-pages/assets/icon/svg/grid_4-1.svg"
"mobsp","mobsp.github.io","gh-pages","assets/icon/svg","assets/icon/svg/hard_drive.svg","https://mobsp.qzz.io/assets/icon/svg/hard_drive.svg","https://raw.githubusercontent.com/mobsp/mobsp.github.io/gh-pages/assets/icon/svg/hard_drive.svg"
"mobsp","mobsp.github.io","gh-pages","assets/icon/svg","assets/icon/svg/hashtag.svg","https://mobsp.qzz.io/assets/icon/svg/hashtag.svg","https://raw.githubusercontent.com/mobsp/mobsp.github.io/gh-pages/assets/icon/svg/hashtag.svg"
"mobsp","mobsp.github.io","gh-pages","assets/icon/svg","assets/icon/svg/headphones.svg","https://mobsp.qzz.io/assets/icon/svg/headphones.svg","https://raw.githubusercontent.com/mobsp/mobsp.github.io/gh-pages/assets/icon/svg/headphones.svg"
"mobsp","mobsp.github.io","gh-pages","assets/icon/svg","assets/icon/svg/heart.svg","https://mobsp.qzz.io/assets/icon/svg/heart.svg","https://raw.githubusercontent.com/mobsp/mobsp.github.io/gh-pages/assets/icon/svg/heart.svg"
"mobsp","mobsp.github.io","gh-pages","assets/icon/svg","assets/icon/svg/home.svg","https://mobsp.qzz.io/assets/icon/svg/home.svg","https://raw.githubusercontent.com/mobsp/mobsp.github.io/gh-pages/assets/icon/svg/home.svg"
"mobsp","mobsp.github.io","gh-pages","assets/icon/svg","assets/icon/svg/hotdog.svg","https://mobsp.qzz.io/assets/icon/svg/hotdog.svg","https://raw.githubusercontent.com/mobsp/mobsp.github.io/gh-pages/assets/icon/svg/hotdog.svg"
"mobsp","mobsp.github.io","gh-pages","assets/icon/svg","assets/icon/svg/ice_cream.svg","https://mobsp.qzz.io/assets/icon/svg/ice_cream.svg","https://raw.githubusercontent.com/mobsp/mobsp.github.io/gh-pages/assets/icon/svg/ice_cream.svg"
"mobsp","mobsp.github.io","gh-pages","assets/icon/svg","assets/icon/svg/image_off.svg","https://mobsp.qzz.io/assets/icon/svg/image_off.svg","https://raw.githubusercontent.com/mobsp/mobsp.github.io/gh-pages/assets/icon/svg/image_off.svg"
"mobsp","mobsp.github.io","gh-pages","assets/icon/svg","assets/icon/svg/image_on.svg","https://mobsp.qzz.io/assets/icon/svg/image_on.svg","https://raw.githubusercontent.com/mobsp/mobsp.github.io/gh-pages/assets/icon/svg/image_on.svg"
"mobsp","mobsp.github.io","gh-pages","assets/icon/svg","assets/icon/svg/import.svg","https://mobsp.qzz.io/assets/icon/svg/import.svg","https://raw.githubusercontent.com/mobsp/mobsp.github.io/gh-pages/assets/icon/svg/import.svg"
"mobsp","mobsp.github.io","gh-pages","assets/icon/svg","assets/icon/svg/inbox_in.svg","https://mobsp.qzz.io/assets/icon/svg/inbox_in.svg","https://raw.githubusercontent.com/mobsp/mobsp.github.io/gh-pages/assets/icon/svg/inbox_in.svg"
"mobsp","mobsp.github.io","gh-pages","assets/icon/svg","assets/icon/svg/inbox_out.svg","https://mobsp.qzz.io/assets/icon/svg/inbox_out.svg","https://raw.githubusercontent.com/mobsp/mobsp.github.io/gh-pages/assets/icon/svg/inbox_out.svg"
"mobsp","mobsp.github.io","gh-pages","assets/icon/svg","assets/icon/svg/instagram.svg","https://mobsp.qzz.io/assets/icon/svg/instagram.svg","https://raw.githubusercontent.com/mobsp/mobsp.github.io/gh-pages/assets/icon/svg/instagram.svg"
"mobsp","mobsp.github.io","gh-pages","assets/icon/svg","assets/icon/svg/keyboard.svg","https://mobsp.qzz.io/assets/icon/svg/keyboard.svg","https://raw.githubusercontent.com/mobsp/mobsp.github.io/gh-pages/assets/icon/svg/keyboard.svg"
"mobsp","mobsp.github.io","gh-pages","assets/icon/svg","assets/icon/svg/laptop.svg","https://mobsp.qzz.io/assets/icon/svg/laptop.svg","https://raw.githubusercontent.com/mobsp/mobsp.github.io/gh-pages/assets/icon/svg/laptop.svg"
"mobsp","mobsp.github.io","gh-pages","assets/icon/svg","assets/icon/svg/lemon.svg","https://mobsp.qzz.io/assets/icon/svg/lemon.svg","https://raw.githubusercontent.com/mobsp/mobsp.github.io/gh-pages/assets/icon/svg/lemon.svg"
"mobsp","mobsp.github.io","gh-pages","assets/icon/svg","assets/icon/svg/light.svg","https://mobsp.qzz.io/assets/icon/svg/light.svg","https://raw.githubusercontent.com/mobsp/mobsp.github.io/gh-pages/assets/icon/svg/light.svg"
"mobsp","mobsp.github.io","gh-pages","assets/icon/svg","assets/icon/svg/link.svg","https://mobsp.qzz.io/assets/icon/svg/link.svg","https://raw.githubusercontent.com/mobsp/mobsp.github.io/gh-pages/assets/icon/svg/link.svg"
"mobsp","mobsp.github.io","gh-pages","assets/icon/svg","assets/icon/svg/linkedin.svg","https://mobsp.qzz.io/assets/icon/svg/linkedin.svg","https://raw.githubusercontent.com/mobsp/mobsp.github.io/gh-pages/assets/icon/svg/linkedin.svg"
"mobsp","mobsp.github.io","gh-pages","assets/icon/svg","assets/icon/svg/location_arrow_1.svg","https://mobsp.qzz.io/assets/icon/svg/location_arrow_1.svg","https://raw.githubusercontent.com/mobsp/mobsp.github.io/gh-pages/assets/icon/svg/location_arrow_1.svg"
"mobsp","mobsp.github.io","gh-pages","assets/icon/svg","assets/icon/svg/location_off.svg","https://mobsp.qzz.io/assets/icon/svg/location_off.svg","https://raw.githubusercontent.com/mobsp/mobsp.github.io/gh-pages/assets/icon/svg/location_off.svg"
"mobsp","mobsp.github.io","gh-pages","assets/icon/svg","assets/icon/svg/location_on.svg","https://mobsp.qzz.io/assets/icon/svg/location_on.svg","https://raw.githubusercontent.com/mobsp/mobsp.github.io/gh-pages/assets/icon/svg/location_on.svg"
"mobsp","mobsp.github.io","gh-pages","assets/icon/svg","assets/icon/svg/lock.svg","https://mobsp.qzz.io/assets/icon/svg/lock.svg","https://raw.githubusercontent.com/mobsp/mobsp.github.io/gh-pages/assets/icon/svg/lock.svg"
"mobsp","mobsp.github.io","gh-pages","assets/icon/svg","assets/icon/svg/login.svg","https://mobsp.qzz.io/assets/icon/svg/login.svg","https://raw.githubusercontent.com/mobsp/mobsp.github.io/gh-pages/assets/icon/svg/login.svg"
"mobsp","mobsp.github.io","gh-pages","assets/icon/svg","assets/icon/svg/logout.svg","https://mobsp.qzz.io/assets/icon/svg/logout.svg","https://raw.githubusercontent.com/mobsp/mobsp.github.io/gh-pages/assets/icon/svg/logout.svg"
"mobsp","mobsp.github.io","gh-pages","assets/icon/svg","assets/icon/svg/lollipop.svg","https://mobsp.qzz.io/assets/icon/svg/lollipop.svg","https://raw.githubusercontent.com/mobsp/mobsp.github.io/gh-pages/assets/icon/svg/lollipop.svg"
"mobsp","mobsp.github.io","gh-pages","assets/icon/svg","assets/icon/svg/mail.svg","https://mobsp.qzz.io/assets/icon/svg/mail.svg","https://raw.githubusercontent.com/mobsp/mobsp.github.io/gh-pages/assets/icon/svg/mail.svg"
"mobsp","mobsp.github.io","gh-pages","assets/icon/svg","assets/icon/svg/map.svg","https://mobsp.qzz.io/assets/icon/svg/map.svg","https://raw.githubusercontent.com/mobsp/mobsp.github.io/gh-pages/assets/icon/svg/map.svg"
"mobsp","mobsp.github.io","gh-pages","assets/icon/svg","assets/icon/svg/map_pin.svg","https://mobsp.qzz.io/assets/icon/svg/map_pin.svg","https://raw.githubusercontent.com/mobsp/mobsp.github.io/gh-pages/assets/icon/svg/map_pin.svg"
"mobsp","mobsp.github.io","gh-pages","assets/icon/svg","assets/icon/svg/maximize_1.svg","https://mobsp.qzz.io/assets/icon/svg/maximize_1.svg","https://raw.githubusercontent.com/mobsp/mobsp.github.io/gh-pages/assets/icon/svg/maximize_1.svg"
"mobsp","mobsp.github.io","gh-pages","assets/icon/svg","assets/icon/svg/maximize_2.svg","https://mobsp.qzz.io/assets/icon/svg/maximize_2.svg","https://raw.githubusercontent.com/mobsp/mobsp.github.io/gh-pages/assets/icon/svg/maximize_2.svg"
"mobsp","mobsp.github.io","gh-pages","assets/icon/svg","assets/icon/svg/medal.svg","https://mobsp.qzz.io/assets/icon/svg/medal.svg","https://raw.githubusercontent.com/mobsp/mobsp.github.io/gh-pages/assets/icon/svg/medal.svg"
"mobsp","mobsp.github.io","gh-pages","assets/icon/svg","assets/icon/svg/memo_pad.svg","https://mobsp.qzz.io/assets/icon/svg/memo_pad.svg","https://raw.githubusercontent.com/mobsp/mobsp.github.io/gh-pages/assets/icon/svg/memo_pad.svg"
"mobsp","mobsp.github.io","gh-pages","assets/icon/svg","assets/icon/svg/microphone_off.svg","https://mobsp.qzz.io/assets/icon/svg/microphone_off.svg","https://raw.githubusercontent.com/mobsp/mobsp.github.io/gh-pages/assets/icon/svg/microphone_off.svg"
"mobsp","mobsp.github.io","gh-pages","assets/icon/svg","assets/icon/svg/microphone_on.svg","https://mobsp.qzz.io/assets/icon/svg/microphone_on.svg","https://raw.githubusercontent.com/mobsp/mobsp.github.io/gh-pages/assets/icon/svg/microphone_on.svg"
"mobsp","mobsp.github.io","gh-pages","assets/icon/svg","assets/icon/svg/minimize_1.svg","https://mobsp.qzz.io/assets/icon/svg/minimize_1.svg","https://raw.githubusercontent.com/mobsp/mobsp.github.io/gh-pages/assets/icon/svg/minimize_1.svg"
"mobsp","mobsp.github.io","gh-pages","assets/icon/svg","assets/icon/svg/minimize_2.svg","https://mobsp.qzz.io/assets/icon/svg/minimize_2.svg","https://raw.githubusercontent.com/mobsp/mobsp.github.io/gh-pages/assets/icon/svg/minimize_2.svg"
"mobsp","mobsp.github.io","gh-pages","assets/icon/svg","assets/icon/svg/mobile_1.svg","https://mobsp.qzz.io/assets/icon/svg/mobile_1.svg","https://raw.githubusercontent.com/mobsp/mobsp.github.io/gh-pages/assets/icon/svg/mobile_1.svg"
"mobsp","mobsp.github.io","gh-pages","assets/icon/svg","assets/icon/svg/mobile_2.svg","https://mobsp.qzz.io/assets/icon/svg/mobile_2.svg","https://raw.githubusercontent.com/mobsp/mobsp.github.io/gh-pages/assets/icon/svg/mobile_2.svg"
"mobsp","mobsp.github.io","gh-pages","assets/icon/svg","assets/icon/svg/mobile_3.svg","https://mobsp.qzz.io/assets/icon/svg/mobile_3.svg","https://raw.githubusercontent.com/mobsp/mobsp.github.io/gh-pages/assets/icon/svg/mobile_3.svg"
"mobsp","mobsp.github.io","gh-pages","assets/icon/svg","assets/icon/svg/mobile_4.svg","https://mobsp.qzz.io/assets/icon/svg/mobile_4.svg","https://raw.githubusercontent.com/mobsp/mobsp.github.io/gh-pages/assets/icon/svg/mobile_4.svg"
"mobsp","mobsp.github.io","gh-pages","assets/icon/svg","assets/icon/svg/monitor.svg","https://mobsp.qzz.io/assets/icon/svg/monitor.svg","https://raw.githubusercontent.com/mobsp/mobsp.github.io/gh-pages/assets/icon/svg/monitor.svg"
"mobsp","mobsp.github.io","gh-pages","assets/icon/svg","assets/icon/svg/mountain_1.svg","https://mobsp.qzz.io/assets/icon/svg/mountain_1.svg","https://raw.githubusercontent.com/mobsp/mobsp.github.io/gh-pages/assets/icon/svg/mountain_1.svg"
"mobsp","mobsp.github.io","gh-pages","assets/icon/svg","assets/icon/svg/music_note_1.svg","https://mobsp.qzz.io/assets/icon/svg/music_note_1.svg","https://raw.githubusercontent.com/mobsp/mobsp.github.io/gh-pages/assets/icon/svg/music_note_1.svg"
"mobsp","mobsp.github.io","gh-pages","assets/icon/svg","assets/icon/svg/no_waiting_sign.svg","https://mobsp.qzz.io/assets/icon/svg/no_waiting_sign.svg","https://raw.githubusercontent.com/mobsp/mobsp.github.io/gh-pages/assets/icon/svg/no_waiting_sign.svg"
"mobsp","mobsp.github.io","gh-pages","assets/icon/svg","assets/icon/svg/paperplane.svg","https://mobsp.qzz.io/assets/icon/svg/paperplane.svg","https://raw.githubusercontent.com/mobsp/mobsp.github.io/gh-pages/assets/icon/svg/paperplane.svg"
"mobsp","mobsp.github.io","gh-pages","assets/icon/svg","assets/icon/svg/parking_1.svg","https://mobsp.qzz.io/assets/icon/svg/parking_1.svg","https://raw.githubusercontent.com/mobsp/mobsp.github.io/gh-pages/assets/icon/svg/parking_1.svg"
"mobsp","mobsp.github.io","gh-pages","assets/icon/svg","assets/icon/svg/pause_1.svg","https://mobsp.qzz.io/assets/icon/svg/pause_1.svg","https://raw.githubusercontent.com/mobsp/mobsp.github.io/gh-pages/assets/icon/svg/pause_1.svg"
"mobsp","mobsp.github.io","gh-pages","assets/icon/svg","assets/icon/svg/percent.svg","https://mobsp.qzz.io/assets/icon/svg/percent.svg","https://raw.githubusercontent.com/mobsp/mobsp.github.io/gh-pages/assets/icon/svg/percent.svg"
"mobsp","mobsp.github.io","gh-pages","assets/icon/svg","assets/icon/svg/phone.svg","https://mobsp.qzz.io/assets/icon/svg/phone.svg","https://raw.githubusercontent.com/mobsp/mobsp.github.io/gh-pages/assets/icon/svg/phone.svg"
"mobsp","mobsp.github.io","gh-pages","assets/icon/svg","assets/icon/svg/play_1.svg","https://mobsp.qzz.io/assets/icon/svg/play_1.svg","https://raw.githubusercontent.com/mobsp/mobsp.github.io/gh-pages/assets/icon/svg/play_1.svg"
"mobsp","mobsp.github.io","gh-pages","assets/icon/svg","assets/icon/svg/plug_1.svg","https://mobsp.qzz.io/assets/icon/svg/plug_1.svg","https://raw.githubusercontent.com/mobsp/mobsp.github.io/gh-pages/assets/icon/svg/plug_1.svg"
"mobsp","mobsp.github.io","gh-pages","assets/icon/svg","assets/icon/svg/power.svg","https://mobsp.qzz.io/assets/icon/svg/power.svg","https://raw.githubusercontent.com/mobsp/mobsp.github.io/gh-pages/assets/icon/svg/power.svg"
"mobsp","mobsp.github.io","gh-pages","assets/icon/svg","assets/icon/svg/rainbow.svg","https://mobsp.qzz.io/assets/icon/svg/rainbow.svg","https://raw.githubusercontent.com/mobsp/mobsp.github.io/gh-pages/assets/icon/svg/rainbow.svg"
"mobsp","mobsp.github.io","gh-pages","assets/icon/svg","assets/icon/svg/read.svg","https://mobsp.qzz.io/assets/icon/svg/read.svg","https://raw.githubusercontent.com/mobsp/mobsp.github.io/gh-pages/assets/icon/svg/read.svg"
"mobsp","mobsp.github.io","gh-pages","assets/icon/svg","assets/icon/svg/receipt.svg","https://mobsp.qzz.io/assets/icon/svg/receipt.svg","https://raw.githubusercontent.com/mobsp/mobsp.github.io/gh-pages/assets/icon/svg/receipt.svg"
"mobsp","mobsp.github.io","gh-pages","assets/icon/svg","assets/icon/svg/redo.svg","https://mobsp.qzz.io/assets/icon/svg/redo.svg","https://raw.githubusercontent.com/mobsp/mobsp.github.io/gh-pages/assets/icon/svg/redo.svg"
"mobsp","mobsp.github.io","gh-pages","assets/icon/svg","assets/icon/svg/repeat.svg","https://mobsp.qzz.io/assets/icon/svg/repeat.svg","https://raw.githubusercontent.com/mobsp/mobsp.github.io/gh-pages/assets/icon/svg/repeat.svg"
"mobsp","mobsp.github.io","gh-pages","assets/icon/svg","assets/icon/svg/route.svg","https://mobsp.qzz.io/assets/icon/svg/route.svg","https://raw.githubusercontent.com/mobsp/mobsp.github.io/gh-pages/assets/icon/svg/route.svg"
"mobsp","mobsp.github.io","gh-pages","assets/icon/svg","assets/icon/svg/save_down_1.svg","https://mobsp.qzz.io/assets/icon/svg/save_down_1.svg","https://raw.githubusercontent.com/mobsp/mobsp.github.io/gh-pages/assets/icon/svg/save_down_1.svg"
"mobsp","mobsp.github.io","gh-pages","assets/icon/svg","assets/icon/svg/save_down_2.svg","https://mobsp.qzz.io/assets/icon/svg/save_down_2.svg","https://raw.githubusercontent.com/mobsp/mobsp.github.io/gh-pages/assets/icon/svg/save_down_2.svg"
"mobsp","mobsp.github.io","gh-pages","assets/icon/svg","assets/icon/svg/save_up_1.svg","https://mobsp.qzz.io/assets/icon/svg/save_up_1.svg","https://raw.githubusercontent.com/mobsp/mobsp.github.io/gh-pages/assets/icon/svg/save_up_1.svg"
"mobsp","mobsp.github.io","gh-pages","assets/icon/svg","assets/icon/svg/save_up_2.svg","https://mobsp.qzz.io/assets/icon/svg/save_up_2.svg","https://raw.githubusercontent.com/mobsp/mobsp.github.io/gh-pages/assets/icon/svg/save_up_2.svg"
"mobsp","mobsp.github.io","gh-pages","assets/icon/svg","assets/icon/svg/search.svg","https://mobsp.qzz.io/assets/icon/svg/search.svg","https://raw.githubusercontent.com/mobsp/mobsp.github.io/gh-pages/assets/icon/svg/search.svg"
"mobsp","mobsp.github.io","gh-pages","assets/icon/svg","assets/icon/svg/server.svg","https://mobsp.qzz.io/assets/icon/svg/server.svg","https://raw.githubusercontent.com/mobsp/mobsp.github.io/gh-pages/assets/icon/svg/server.svg"
"mobsp","mobsp.github.io","gh-pages","assets/icon/svg","assets/icon/svg/settings.svg","https://mobsp.qzz.io/assets/icon/svg/settings.svg","https://raw.githubusercontent.com/mobsp/mobsp.github.io/gh-pages/assets/icon/svg/settings.svg"
"mobsp","mobsp.github.io","gh-pages","assets/icon/svg","assets/icon/svg/share_1.svg","https://mobsp.qzz.io/assets/icon/svg/share_1.svg","https://raw.githubusercontent.com/mobsp/mobsp.github.io/gh-pages/assets/icon/svg/share_1.svg"
"mobsp","mobsp.github.io","gh-pages","assets/icon/svg","assets/icon/svg/share_2.svg","https://mobsp.qzz.io/assets/icon/svg/share_2.svg","https://raw.githubusercontent.com/mobsp/mobsp.github.io/gh-pages/assets/icon/svg/share_2.svg"
"mobsp","mobsp.github.io","gh-pages","assets/icon/svg","assets/icon/svg/shopping_tag.svg","https://mobsp.qzz.io/assets/icon/svg/shopping_tag.svg","https://raw.githubusercontent.com/mobsp/mobsp.github.io/gh-pages/assets/icon/svg/shopping_tag.svg"
"mobsp","mobsp.github.io","gh-pages","assets/icon/svg","assets/icon/svg/shuffle.svg","https://mobsp.qzz.io/assets/icon/svg/shuffle.svg","https://raw.githubusercontent.com/mobsp/mobsp.github.io/gh-pages/assets/icon/svg/shuffle.svg"
"mobsp","mobsp.github.io","gh-pages","assets/icon/svg","assets/icon/svg/signpost_duo_1.svg","https://mobsp.qzz.io/assets/icon/svg/signpost_duo_1.svg","https://raw.githubusercontent.com/mobsp/mobsp.github.io/gh-pages/assets/icon/svg/signpost_duo_1.svg"
"mobsp","mobsp.github.io","gh-pages","assets/icon/svg","assets/icon/svg/signpost_l_1.svg","https://mobsp.qzz.io/assets/icon/svg/signpost_l_1.svg","https://raw.githubusercontent.com/mobsp/mobsp.github.io/gh-pages/assets/icon/svg/signpost_l_1.svg"
"mobsp","mobsp.github.io","gh-pages","assets/icon/svg","assets/icon/svg/signpost_r_1.svg","https://mobsp.qzz.io/assets/icon/svg/signpost_r_1.svg","https://raw.githubusercontent.com/mobsp/mobsp.github.io/gh-pages/assets/icon/svg/signpost_r_1.svg"
"mobsp","mobsp.github.io","gh-pages","assets/icon/svg","assets/icon/svg/slider_horizontal.svg","https://mobsp.qzz.io/assets/icon/svg/slider_horizontal.svg","https://raw.githubusercontent.com/mobsp/mobsp.github.io/gh-pages/assets/icon/svg/slider_horizontal.svg"
"mobsp","mobsp.github.io","gh-pages","assets/icon/svg","assets/icon/svg/slider_vertical.svg","https://mobsp.qzz.io/assets/icon/svg/slider_vertical.svg","https://raw.githubusercontent.com/mobsp/mobsp.github.io/gh-pages/assets/icon/svg/slider_vertical.svg"
"mobsp","mobsp.github.io","gh-pages","assets/icon/svg","assets/icon/svg/speaker.svg","https://mobsp.qzz.io/assets/icon/svg/speaker.svg","https://raw.githubusercontent.com/mobsp/mobsp.github.io/gh-pages/assets/icon/svg/speaker.svg"
"mobsp","mobsp.github.io","gh-pages","assets/icon/svg","assets/icon/svg/square_alert.svg","https://mobsp.qzz.io/assets/icon/svg/square_alert.svg","https://raw.githubusercontent.com/mobsp/mobsp.github.io/gh-pages/assets/icon/svg/square_alert.svg"
"mobsp","mobsp.github.io","gh-pages","assets/icon/svg","assets/icon/svg/square_check.svg","https://mobsp.qzz.io/assets/icon/svg/square_check.svg","https://raw.githubusercontent.com/mobsp/mobsp.github.io/gh-pages/assets/icon/svg/square_check.svg"
"mobsp","mobsp.github.io","gh-pages","assets/icon/svg","assets/icon/svg/square_chev_down.svg","https://mobsp.qzz.io/assets/icon/svg/square_chev_down.svg","https://raw.githubusercontent.com/mobsp/mobsp.github.io/gh-pages/assets/icon/svg/square_chev_down.svg"
"mobsp","mobsp.github.io","gh-pages","assets/icon/svg","assets/icon/svg/square_chev_left.svg","https://mobsp.qzz.io/assets/icon/svg/square_chev_left.svg","https://raw.githubusercontent.com/mobsp/mobsp.github.io/gh-pages/assets/icon/svg/square_chev_left.svg"
"mobsp","mobsp.github.io","gh-pages","assets/icon/svg","assets/icon/svg/square_chev_right.svg","https://mobsp.qzz.io/assets/icon/svg/square_chev_right.svg","https://raw.githubusercontent.com/mobsp/mobsp.github.io/gh-pages/assets/icon/svg/square_chev_right.svg"
"mobsp","mobsp.github.io","gh-pages","assets/icon/svg","assets/icon/svg/square_chev_up.svg","https://mobsp.qzz.io/assets/icon/svg/square_chev_up.svg","https://raw.githubusercontent.com/mobsp/mobsp.github.io/gh-pages/assets/icon/svg/square_chev_up.svg"
"mobsp","mobsp.github.io","gh-pages","assets/icon/svg","assets/icon/svg/square_info.svg","https://mobsp.qzz.io/assets/icon/svg/square_info.svg","https://raw.githubusercontent.com/mobsp/mobsp.github.io/gh-pages/assets/icon/svg/square_info.svg"
"mobsp","mobsp.github.io","gh-pages","assets/icon/svg","assets/icon/svg/square_minus.svg","https://mobsp.qzz.io/assets/icon/svg/square_minus.svg","https://raw.githubusercontent.com/mobsp/mobsp.github.io/gh-pages/assets/icon/svg/square_minus.svg"
"mobsp","mobsp.github.io","gh-pages","assets/icon/svg","assets/icon/svg/square_more.svg","https://mobsp.qzz.io/assets/icon/svg/square_more.svg","https://raw.githubusercontent.com/mobsp/mobsp.github.io/gh-pages/assets/icon/svg/square_more.svg"
"mobsp","mobsp.github.io","gh-pages","assets/icon/svg","assets/icon/svg/square_plus.svg","https://mobsp.qzz.io/assets/icon/svg/square_plus.svg","https://raw.githubusercontent.com/mobsp/mobsp.github.io/gh-pages/assets/icon/svg/square_plus.svg"
"mobsp","mobsp.github.io","gh-pages","assets/icon/svg","assets/icon/svg/square_question.svg","https://mobsp.qzz.io/assets/icon/svg/square_question.svg","https://raw.githubusercontent.com/mobsp/mobsp.github.io/gh-pages/assets/icon/svg/square_question.svg"
"mobsp","mobsp.github.io","gh-pages","assets/icon/svg","assets/icon/svg/square_remove.svg","https://mobsp.qzz.io/assets/icon/svg/square_remove.svg","https://raw.githubusercontent.com/mobsp/mobsp.github.io/gh-pages/assets/icon/svg/square_remove.svg"
"mobsp","mobsp.github.io","gh-pages","assets/icon/svg","assets/icon/svg/star.svg","https://mobsp.qzz.io/assets/icon/svg/star.svg","https://raw.githubusercontent.com/mobsp/mobsp.github.io/gh-pages/assets/icon/svg/star.svg"
"mobsp","mobsp.github.io","gh-pages","assets/icon/svg","assets/icon/svg/sticky_note.svg","https://mobsp.qzz.io/assets/icon/svg/sticky_note.svg","https://raw.githubusercontent.com/mobsp/mobsp.github.io/gh-pages/assets/icon/svg/sticky_note.svg"
"mobsp","mobsp.github.io","gh-pages","assets/icon/svg","assets/icon/svg/stop_1.svg","https://mobsp.qzz.io/assets/icon/svg/stop_1.svg","https://raw.githubusercontent.com/mobsp/mobsp.github.io/gh-pages/assets/icon/svg/stop_1.svg"
"mobsp","mobsp.github.io","gh-pages","assets/icon/svg","assets/icon/svg/stop_sign_1.svg","https://mobsp.qzz.io/assets/icon/svg/stop_sign_1.svg","https://raw.githubusercontent.com/mobsp/mobsp.github.io/gh-pages/assets/icon/svg/stop_sign_1.svg"
"mobsp","mobsp.github.io","gh-pages","assets/icon/svg","assets/icon/svg/sun.svg","https://mobsp.qzz.io/assets/icon/svg/sun.svg","https://raw.githubusercontent.com/mobsp/mobsp.github.io/gh-pages/assets/icon/svg/sun.svg"
"mobsp","mobsp.github.io","gh-pages","assets/icon/svg","assets/icon/svg/text.svg","https://mobsp.qzz.io/assets/icon/svg/text.svg","https://raw.githubusercontent.com/mobsp/mobsp.github.io/gh-pages/assets/icon/svg/text.svg"
"mobsp","mobsp.github.io","gh-pages","assets/icon/svg","assets/icon/svg/timer.svg","https://mobsp.qzz.io/assets/icon/svg/timer.svg","https://raw.githubusercontent.com/mobsp/mobsp.github.io/gh-pages/assets/icon/svg/timer.svg"
"mobsp","mobsp.github.io","gh-pages","assets/icon/svg","assets/icon/svg/trash.svg","https://mobsp.qzz.io/assets/icon/svg/trash.svg","https://raw.githubusercontent.com/mobsp/mobsp.github.io/gh-pages/assets/icon/svg/trash.svg"
"mobsp","mobsp.github.io","gh-pages","assets/icon/svg","assets/icon/svg/twitter.svg","https://mobsp.qzz.io/assets/icon/svg/twitter.svg","https://raw.githubusercontent.com/mobsp/mobsp.github.io/gh-pages/assets/icon/svg/twitter.svg"
"mobsp","mobsp.github.io","gh-pages","assets/icon/svg","assets/icon/svg/undo.svg","https://mobsp.qzz.io/assets/icon/svg/undo.svg","https://raw.githubusercontent.com/mobsp/mobsp.github.io/gh-pages/assets/icon/svg/undo.svg"
"mobsp","mobsp.github.io","gh-pages","assets/icon/svg","assets/icon/svg/unlock.svg","https://mobsp.qzz.io/assets/icon/svg/unlock.svg","https://raw.githubusercontent.com/mobsp/mobsp.github.io/gh-pages/assets/icon/svg/unlock.svg"
"mobsp","mobsp.github.io","gh-pages","assets/icon/svg","assets/icon/svg/unread.svg","https://mobsp.qzz.io/assets/icon/svg/unread.svg","https://raw.githubusercontent.com/mobsp/mobsp.github.io/gh-pages/assets/icon/svg/unread.svg"
"mobsp","mobsp.github.io","gh-pages","assets/icon/svg","assets/icon/svg/user.svg","https://mobsp.qzz.io/assets/icon/svg/user.svg","https://raw.githubusercontent.com/mobsp/mobsp.github.io/gh-pages/assets/icon/svg/user.svg"
"mobsp","mobsp.github.io","gh-pages","assets/icon/svg","assets/icon/svg/video_off.svg","https://mobsp.qzz.io/assets/icon/svg/video_off.svg","https://raw.githubusercontent.com/mobsp/mobsp.github.io/gh-pages/assets/icon/svg/video_off.svg"
"mobsp","mobsp.github.io","gh-pages","assets/icon/svg","assets/icon/svg/video_on.svg","https://mobsp.qzz.io/assets/icon/svg/video_on.svg","https://raw.githubusercontent.com/mobsp/mobsp.github.io/gh-pages/assets/icon/svg/video_on.svg"
"mobsp","mobsp.github.io","gh-pages","assets/icon/svg","assets/icon/svg/view_board.svg","https://mobsp.qzz.io/assets/icon/svg/view_board.svg","https://raw.githubusercontent.com/mobsp/mobsp.github.io/gh-pages/assets/icon/svg/view_board.svg"
"mobsp","mobsp.github.io","gh-pages","assets/icon/svg","assets/icon/svg/view_column.svg","https://mobsp.qzz.io/assets/icon/svg/view_column.svg","https://raw.githubusercontent.com/mobsp/mobsp.github.io/gh-pages/assets/icon/svg/view_column.svg"
"mobsp","mobsp.github.io","gh-pages","assets/icon/svg","assets/icon/svg/view_list.svg","https://mobsp.qzz.io/assets/icon/svg/view_list.svg","https://raw.githubusercontent.com/mobsp/mobsp.github.io/gh-pages/assets/icon/svg/view_list.svg"
"mobsp","mobsp.github.io","gh-pages","assets/icon/svg","assets/icon/svg/view_table.svg","https://mobsp.qzz.io/assets/icon/svg/view_table.svg","https://raw.githubusercontent.com/mobsp/mobsp.github.io/gh-pages/assets/icon/svg/view_table.svg"
"mobsp","mobsp.github.io","gh-pages","assets/icon/svg","assets/icon/svg/view_timeline.svg","https://mobsp.qzz.io/assets/icon/svg/view_timeline.svg","https://raw.githubusercontent.com/mobsp/mobsp.github.io/gh-pages/assets/icon/svg/view_timeline.svg"
"mobsp","mobsp.github.io","gh-pages","assets/icon/svg","assets/icon/svg/volume.svg","https://mobsp.qzz.io/assets/icon/svg/volume.svg","https://raw.githubusercontent.com/mobsp/mobsp.github.io/gh-pages/assets/icon/svg/volume.svg"
"mobsp","mobsp.github.io","gh-pages","assets/icon/svg","assets/icon/svg/volume_high.svg","https://mobsp.qzz.io/assets/icon/svg/volume_high.svg","https://raw.githubusercontent.com/mobsp/mobsp.github.io/gh-pages/assets/icon/svg/volume_high.svg"
"mobsp","mobsp.github.io","gh-pages","assets/icon/svg","assets/icon/svg/volume_mute.svg","https://mobsp.qzz.io/assets/icon/svg/volume_mute.svg","https://raw.githubusercontent.com/mobsp/mobsp.github.io/gh-pages/assets/icon/svg/volume_mute.svg"
"mobsp","mobsp.github.io","gh-pages","assets/icon/svg","assets/icon/svg/warning.svg","https://mobsp.qzz.io/assets/icon/svg/warning.svg","https://raw.githubusercontent.com/mobsp/mobsp.github.io/gh-pages/assets/icon/svg/warning.svg"
"mobsp","mobsp.github.io","gh-pages","assets/icon/svg","assets/icon/svg/wave_pulse_1.svg","https://mobsp.qzz.io/assets/icon/svg/wave_pulse_1.svg","https://raw.githubusercontent.com/mobsp/mobsp.github.io/gh-pages/assets/icon/svg/wave_pulse_1.svg"
"mobsp","mobsp.github.io","gh-pages","assets/icon/svg","assets/icon/svg/youtube.svg","https://mobsp.qzz.io/assets/icon/svg/youtube.svg","https://raw.githubusercontent.com/mobsp/mobsp.github.io/gh-pages/assets/icon/svg/youtube.svg"
"mobsp","mobsp.github.io","gh-pages","assets/icon/svg","assets/icon/svg/zoom_in.svg","https://mobsp.qzz.io/assets/icon/svg/zoom_in.svg","https://raw.githubusercontent.com/mobsp/mobsp.github.io/gh-pages/assets/icon/svg/zoom_in.svg"
"mobsp","mobsp.github.io","gh-pages","assets/icon/svg","assets/icon/svg/zoom_out.svg","https://mobsp.qzz.io/assets/icon/svg/zoom_out.svg","https://raw.githubusercontent.com/mobsp/mobsp.github.io/gh-pages/assets/icon/svg/zoom_out.svg"
"mobsp","mobsp.github.io","gh-pages","assets/icon/viewer","assets/icon/viewer/index.html","https://mobsp.qzz.io/assets/icon/viewer/index.html","https://raw.githubusercontent.com/mobsp/mobsp.github.io/gh-pages/assets/icon/viewer/index.html"
"mobsp","mobsp.github.io","gh-pages","ROOT","auto-index.py","https://mobsp.qzz.io/auto-index.py","https://raw.githubusercontent.com/mobsp/mobsp.github.io/gh-pages/auto-index.py"
"mobsp","mobsp.github.io","gh-pages","beta","beta/README.md","https://mobsp.qzz.io/beta/README.md","https://raw.githubusercontent.com/mobsp/mobsp.github.io/gh-pages/beta/README.md"
"mobsp","mobsp.github.io","gh-pages","beta","beta/index.html","https://mobsp.qzz.io/beta/index.html","https://raw.githubusercontent.com/mobsp/mobsp.github.io/gh-pages/beta/index.html"
"mobsp","mobsp.github.io","gh-pages","beta/mod","beta/mod/bottom-nav.js","https://mobsp.qzz.io/beta/mod/bottom-nav.js","https://raw.githubusercontent.com/mobsp/mobsp.github.io/gh-pages/beta/mod/bottom-nav.js"
"mobsp","mobsp.github.io","gh-pages","beta/mod","beta/mod/brand-layout.js","https://mobsp.qzz.io/beta/mod/brand-layout.js","https://raw.githubusercontent.com/mobsp/mobsp.github.io/gh-pages/beta/mod/brand-layout.js"
"mobsp","mobsp.github.io","gh-pages","beta/mod","beta/mod/footer-sys.js","https://mobsp.qzz.io/beta/mod/footer-sys.js","https://raw.githubusercontent.com/mobsp/mobsp.github.io/gh-pages/beta/mod/footer-sys.js"
"mobsp","mobsp.github.io","gh-pages","beta/mod","beta/mod/notice-sync.js","https://mobsp.qzz.io/beta/mod/notice-sync.js","https://raw.githubusercontent.com/mobsp/mobsp.github.io/gh-pages/beta/mod/notice-sync.js"
"mobsp","mobsp.github.io","gh-pages","beta/mod","beta/mod/splash-screen.js","https://mobsp.qzz.io/beta/mod/splash-screen.js","https://raw.githubusercontent.com/mobsp/mobsp.github.io/gh-pages/beta/mod/splash-screen.js"
"mobsp","mobsp.github.io","gh-pages","beta/mod","beta/mod/theme-engine.js","https://mobsp.qzz.io/beta/mod/theme-engine.js","https://raw.githubusercontent.com/mobsp/mobsp.github.io/gh-pages/beta/mod/theme-engine.js"
"mobsp","mobsp.github.io","gh-pages","beta","beta/test.html","https://mobsp.qzz.io/beta/test.html","https://raw.githubusercontent.com/mobsp/mobsp.github.io/gh-pages/beta/test.html"
"mobsp","mobsp.github.io","gh-pages","beta","beta/test1.html","https://mobsp.qzz.io/beta/test1.html","https://raw.githubusercontent.com/mobsp/mobsp.github.io/gh-pages/beta/test1.html"
"mobsp","mobsp.github.io","gh-pages","beta","beta/test2.html","https://mobsp.qzz.io/beta/test2.html","https://raw.githubusercontent.com/mobsp/mobsp.github.io/gh-pages/beta/test2.html"
"mobsp","mobsp.github.io","gh-pages","beta","beta/test3.html","https://mobsp.qzz.io/beta/test3.html","https://raw.githubusercontent.com/mobsp/mobsp.github.io/gh-pages/beta/test3.html"
"mobsp","mobsp.github.io","gh-pages","beta","beta/test4.html","https://mobsp.qzz.io/beta/test4.html","https://raw.githubusercontent.com/mobsp/mobsp.github.io/gh-pages/beta/test4.html"
"mobsp","mobsp.github.io","gh-pages","blog","blog/README.md","https://mobsp.qzz.io/blog/README.md","https://raw.githubusercontent.com/mobsp/mobsp.github.io/gh-pages/blog/README.md"
"mobsp","mobsp.github.io","gh-pages","blog","blog/index.html","https://mobsp.qzz.io/blog/index.html","https://raw.githubusercontent.com/mobsp/mobsp.github.io/gh-pages/blog/index.html"
"mobsp","mobsp.github.io","gh-pages","blog/p/list","blog/p/list/content_placeholder.md","https://mobsp.qzz.io/blog/p/list/content_placeholder.md","https://raw.githubusercontent.com/mobsp/mobsp.github.io/gh-pages/blog/p/list/content_placeholder.md"
"mobsp","mobsp.github.io","gh-pages","blog/p/list","blog/p/list/github-pages-註冊.html","https://mobsp.qzz.io/blog/p/list/github-pages-註冊.html","https://raw.githubusercontent.com/mobsp/mobsp.github.io/gh-pages/blog/p/list/github-pages-註冊.html"
"mobsp","mobsp.github.io","gh-pages","blog/p/list","blog/p/list/theme.html","https://mobsp.qzz.io/blog/p/list/theme.html","https://raw.githubusercontent.com/mobsp/mobsp.github.io/gh-pages/blog/p/list/theme.html"
"mobsp","mobsp.github.io","gh-pages","blog/p/list","blog/p/list/公公操兒媳.html","https://mobsp.qzz.io/blog/p/list/公公操兒媳.html","https://raw.githubusercontent.com/mobsp/mobsp.github.io/gh-pages/blog/p/list/公公操兒媳.html"
"mobsp","mobsp.github.io","gh-pages","blog/p/list","blog/p/list/公公與媳婦.html","https://mobsp.qzz.io/blog/p/list/公公與媳婦.html","https://raw.githubusercontent.com/mobsp/mobsp.github.io/gh-pages/blog/p/list/公公與媳婦.html"
"mobsp","mobsp.github.io","gh-pages","blog/p/list","blog/p/list/大嫂與二哥.html","https://mobsp.qzz.io/blog/p/list/大嫂與二哥.html","https://raw.githubusercontent.com/mobsp/mobsp.github.io/gh-pages/blog/p/list/大嫂與二哥.html"
"mobsp","mobsp.github.io","gh-pages","blog/p/list","blog/p/list/小姨子的肛門.html","https://mobsp.qzz.io/blog/p/list/小姨子的肛門.html","https://raw.githubusercontent.com/mobsp/mobsp.github.io/gh-pages/blog/p/list/小姨子的肛門.html"
"mobsp","mobsp.github.io","gh-pages","blog/p/list","blog/p/list/強姦媽媽直到懷孕為止.html","https://mobsp.qzz.io/blog/p/list/強姦媽媽直到懷孕為止.html","https://raw.githubusercontent.com/mobsp/mobsp.github.io/gh-pages/blog/p/list/強姦媽媽直到懷孕為止.html"
"mobsp","mobsp.github.io","gh-pages","blog/p/list","blog/p/list/操姐姐的菊穴.html","https://mobsp.qzz.io/blog/p/list/操姐姐的菊穴.html","https://raw.githubusercontent.com/mobsp/mobsp.github.io/gh-pages/blog/p/list/操姐姐的菊穴.html"
"mobsp","mobsp.github.io","gh-pages","blog/p/list","blog/p/list/母姦致孕計劃.html","https://mobsp.qzz.io/blog/p/list/母姦致孕計劃.html","https://raw.githubusercontent.com/mobsp/mobsp.github.io/gh-pages/blog/p/list/母姦致孕計劃.html"
"mobsp","mobsp.github.io","gh-pages","blog/p/list","blog/p/list/與大姐的背德關係.html","https://mobsp.qzz.io/blog/p/list/與大姐的背德關係.html","https://raw.githubusercontent.com/mobsp/mobsp.github.io/gh-pages/blog/p/list/與大姐的背德關係.html"
"mobsp","mobsp.github.io","gh-pages","blog/p/list","blog/p/list/阿姨的菊穴.html","https://mobsp.qzz.io/blog/p/list/阿姨的菊穴.html","https://raw.githubusercontent.com/mobsp/mobsp.github.io/gh-pages/blog/p/list/阿姨的菊穴.html"
"mobsp","mobsp.github.io","gh-pages","blog/p/list","blog/p/list/風月文學網  10.html","https://mobsp.qzz.io/blog/p/list/風月文學網  10.html","https://raw.githubusercontent.com/mobsp/mobsp.github.io/gh-pages/blog/p/list/風月文學網  10.html"
"mobsp","mobsp.github.io","gh-pages","blog/p/list","blog/p/list/風月文學網  11.html","https://mobsp.qzz.io/blog/p/list/風月文學網  11.html","https://raw.githubusercontent.com/mobsp/mobsp.github.io/gh-pages/blog/p/list/風月文學網  11.html"
"mobsp","mobsp.github.io","gh-pages","blog/p/list","blog/p/list/風月文學網  12.html","https://mobsp.qzz.io/blog/p/list/風月文學網  12.html","https://raw.githubusercontent.com/mobsp/mobsp.github.io/gh-pages/blog/p/list/風月文學網  12.html"
"mobsp","mobsp.github.io","gh-pages","blog/p/list","blog/p/list/風月文學網  13.html","https://mobsp.qzz.io/blog/p/list/風月文學網  13.html","https://raw.githubusercontent.com/mobsp/mobsp.github.io/gh-pages/blog/p/list/風月文學網  13.html"
"mobsp","mobsp.github.io","gh-pages","blog/p/list","blog/p/list/風月文學網  14.html","https://mobsp.qzz.io/blog/p/list/風月文學網  14.html","https://raw.githubusercontent.com/mobsp/mobsp.github.io/gh-pages/blog/p/list/風月文學網  14.html"
"mobsp","mobsp.github.io","gh-pages","blog/p/list","blog/p/list/風月文學網  15.html","https://mobsp.qzz.io/blog/p/list/風月文學網  15.html","https://raw.githubusercontent.com/mobsp/mobsp.github.io/gh-pages/blog/p/list/風月文學網  15.html"
"mobsp","mobsp.github.io","gh-pages","blog/p/list","blog/p/list/風月文學網  16.html","https://mobsp.qzz.io/blog/p/list/風月文學網  16.html","https://raw.githubusercontent.com/mobsp/mobsp.github.io/gh-pages/blog/p/list/風月文學網  16.html"
"mobsp","mobsp.github.io","gh-pages","blog/p/list","blog/p/list/風月文學網  17.html","https://mobsp.qzz.io/blog/p/list/風月文學網  17.html","https://raw.githubusercontent.com/mobsp/mobsp.github.io/gh-pages/blog/p/list/風月文學網  17.html"
"mobsp","mobsp.github.io","gh-pages","blog/p/list","blog/p/list/風月文學網  18.html","https://mobsp.qzz.io/blog/p/list/風月文學網  18.html","https://raw.githubusercontent.com/mobsp/mobsp.github.io/gh-pages/blog/p/list/風月文學網  18.html"
"mobsp","mobsp.github.io","gh-pages","blog/p/list","blog/p/list/風月文學網  19.html","https://mobsp.qzz.io/blog/p/list/風月文學網  19.html","https://raw.githubusercontent.com/mobsp/mobsp.github.io/gh-pages/blog/p/list/風月文學網  19.html"
"mobsp","mobsp.github.io","gh-pages","blog/p/list","blog/p/list/風月文學網  2.html","https://mobsp.qzz.io/blog/p/list/風月文學網  2.html","https://raw.githubusercontent.com/mobsp/mobsp.github.io/gh-pages/blog/p/list/風月文學網  2.html"
"mobsp","mobsp.github.io","gh-pages","blog/p/list","blog/p/list/風月文學網  20.html","https://mobsp.qzz.io/blog/p/list/風月文學網  20.html","https://raw.githubusercontent.com/mobsp/mobsp.github.io/gh-pages/blog/p/list/風月文學網  20.html"
"mobsp","mobsp.github.io","gh-pages","blog/p/list","blog/p/list/風月文學網  21.html","https://mobsp.qzz.io/blog/p/list/風月文學網  21.html","https://raw.githubusercontent.com/mobsp/mobsp.github.io/gh-pages/blog/p/list/風月文學網  21.html"
"mobsp","mobsp.github.io","gh-pages","blog/p/list","blog/p/list/風月文學網  22.html","https://mobsp.qzz.io/blog/p/list/風月文學網  22.html","https://raw.githubusercontent.com/mobsp/mobsp.github.io/gh-pages/blog/p/list/風月文學網  22.html"
"mobsp","mobsp.github.io","gh-pages","blog/p/list","blog/p/list/風月文學網  23.html","https://mobsp.qzz.io/blog/p/list/風月文學網  23.html","https://raw.githubusercontent.com/mobsp/mobsp.github.io/gh-pages/blog/p/list/風月文學網  23.html"
"mobsp","mobsp.github.io","gh-pages","blog/p/list","blog/p/list/風月文學網  24.html","https://mobsp.qzz.io/blog/p/list/風月文學網  24.html","https://raw.githubusercontent.com/mobsp/mobsp.github.io/gh-pages/blog/p/list/風月文學網  24.html"
"mobsp","mobsp.github.io","gh-pages","blog/p/list","blog/p/list/風月文學網  25.html","https://mobsp.qzz.io/blog/p/list/風月文學網  25.html","https://raw.githubusercontent.com/mobsp/mobsp.github.io/gh-pages/blog/p/list/風月文學網  25.html"
"mobsp","mobsp.github.io","gh-pages","blog/p/list","blog/p/list/風月文學網  3.html","https://mobsp.qzz.io/blog/p/list/風月文學網  3.html","https://raw.githubusercontent.com/mobsp/mobsp.github.io/gh-pages/blog/p/list/風月文學網  3.html"
"mobsp","mobsp.github.io","gh-pages","blog/p/list","blog/p/list/風月文學網  4.html","https://mobsp.qzz.io/blog/p/list/風月文學網  4.html","https://raw.githubusercontent.com/mobsp/mobsp.github.io/gh-pages/blog/p/list/風月文學網  4.html"
"mobsp","mobsp.github.io","gh-pages","blog/p/list","blog/p/list/風月文學網  6.html","https://mobsp.qzz.io/blog/p/list/風月文學網  6.html","https://raw.githubusercontent.com/mobsp/mobsp.github.io/gh-pages/blog/p/list/風月文學網  6.html"
"mobsp","mobsp.github.io","gh-pages","blog/p/list","blog/p/list/風月文學網  7.html","https://mobsp.qzz.io/blog/p/list/風月文學網  7.html","https://raw.githubusercontent.com/mobsp/mobsp.github.io/gh-pages/blog/p/list/風月文學網  7.html"
"mobsp","mobsp.github.io","gh-pages","blog/p/list","blog/p/list/風月文學網  8.html","https://mobsp.qzz.io/blog/p/list/風月文學網  8.html","https://raw.githubusercontent.com/mobsp/mobsp.github.io/gh-pages/blog/p/list/風月文學網  8.html"
"mobsp","mobsp.github.io","gh-pages","blog/p/list","blog/p/list/風月文學網  9.html","https://mobsp.qzz.io/blog/p/list/風月文學網  9.html","https://raw.githubusercontent.com/mobsp/mobsp.github.io/gh-pages/blog/p/list/風月文學網  9.html"
"mobsp","mobsp.github.io","gh-pages","blog/p/list","blog/p/list/風月文學網 .html","https://mobsp.qzz.io/blog/p/list/風月文學網 .html","https://raw.githubusercontent.com/mobsp/mobsp.github.io/gh-pages/blog/p/list/風月文學網 .html"
"mobsp","mobsp.github.io","gh-pages","blog/p/list","blog/p/list/風月文學網3 2.html","https://mobsp.qzz.io/blog/p/list/風月文學網3 2.html","https://raw.githubusercontent.com/mobsp/mobsp.github.io/gh-pages/blog/p/list/風月文學網3 2.html"
"mobsp","mobsp.github.io","gh-pages","blog/p/list","blog/p/list/風月文學網3 3.html","https://mobsp.qzz.io/blog/p/list/風月文學網3 3.html","https://raw.githubusercontent.com/mobsp/mobsp.github.io/gh-pages/blog/p/list/風月文學網3 3.html"
"mobsp","mobsp.github.io","gh-pages","blog/p/list","blog/p/list/風月文學網3.html","https://mobsp.qzz.io/blog/p/list/風月文學網3.html","https://raw.githubusercontent.com/mobsp/mobsp.github.io/gh-pages/blog/p/list/風月文學網3.html"
"mobsp","mobsp.github.io","gh-pages","data","data/config.json","https://mobsp.qzz.io/data/config.json","https://raw.githubusercontent.com/mobsp/mobsp.github.io/gh-pages/data/config.json"
"mobsp","mobsp.github.io","gh-pages","data","data/editor_config.json","https://mobsp.qzz.io/data/editor_config.json","https://raw.githubusercontent.com/mobsp/mobsp.github.io/gh-pages/data/editor_config.json"
"mobsp","mobsp.github.io","gh-pages","data","data/notice.md","https://mobsp.qzz.io/data/notice.md","https://raw.githubusercontent.com/mobsp/mobsp.github.io/gh-pages/data/notice.md"
"mobsp","mobsp.github.io","gh-pages","data","data/style.css","https://mobsp.qzz.io/data/style.css","https://raw.githubusercontent.com/mobsp/mobsp.github.io/gh-pages/data/style.css"
"mobsp","mobsp.github.io","gh-pages","data","data/svg.json","https://mobsp.qzz.io/data/svg.json","https://raw.githubusercontent.com/mobsp/mobsp.github.io/gh-pages/data/svg.json"
"mobsp","mobsp.github.io","gh-pages","data","data/wiki-info.json","https://mobsp.qzz.io/data/wiki-info.json","https://raw.githubusercontent.com/mobsp/mobsp.github.io/gh-pages/data/wiki-info.json"
"mobsp","mobsp.github.io","gh-pages","ROOT","generate-index.js","https://mobsp.qzz.io/generate-index.js","https://raw.githubusercontent.com/mobsp/mobsp.github.io/gh-pages/generate-index.js"
"mobsp","mobsp.github.io","gh-pages","ROOT","history.html","https://mobsp.qzz.io/history.html","https://raw.githubusercontent.com/mobsp/mobsp.github.io/gh-pages/history.html"
"mobsp","mobsp.github.io","gh-pages","ROOT","index.html","https://mobsp.qzz.io/index.html","https://raw.githubusercontent.com/mobsp/mobsp.github.io/gh-pages/index.html"
"mobsp","mobsp.github.io","gh-pages","ROOT","manifest.json","https://mobsp.qzz.io/manifest.json","https://raw.githubusercontent.com/mobsp/mobsp.github.io/gh-pages/manifest.json"
"mobsp","mobsp.github.io","gh-pages","setting","setting/index.html","https://mobsp.qzz.io/setting/index.html","https://raw.githubusercontent.com/mobsp/mobsp.github.io/gh-pages/setting/index.html"
"mobsp","mobsp.github.io","gh-pages","shorts","shorts/index.html","https://mobsp.qzz.io/shorts/index.html","https://raw.githubusercontent.com/mobsp/mobsp.github.io/gh-pages/shorts/index.html"
"mobsp","mobsp.github.io","gh-pages","ROOT","sitemap.xml","https://mobsp.qzz.io/sitemap.xml","https://raw.githubusercontent.com/mobsp/mobsp.github.io/gh-pages/sitemap.xml"
"mobsp","mobsp.github.io","gh-pages","svg-editor","svg-editor/index.html","https://mobsp.qzz.io/svg-editor/index.html","https://raw.githubusercontent.com/mobsp/mobsp.github.io/gh-pages/svg-editor/index.html"
"mobsp","mobsp.github.io","gh-pages","ROOT","sync_scanner.py","https://mobsp.qzz.io/sync_scanner.py","https://raw.githubusercontent.com/mobsp/mobsp.github.io/gh-pages/sync_scanner.py"
"mobsp","mobsp.github.io","gh-pages","tol/Editor","tol/Editor/index.html","https://mobsp.qzz.io/tol/Editor/index.html","https://raw.githubusercontent.com/mobsp/mobsp.github.io/gh-pages/tol/Editor/index.html"
"mobsp","mobsp.github.io","gh-pages","tol","tol/README.md","https://mobsp.qzz.io/tol/README.md","https://raw.githubusercontent.com/mobsp/mobsp.github.io/gh-pages/tol/README.md"
"mobsp","mobsp.github.io","gh-pages","tol/convert","tol/convert/index.html","https://mobsp.qzz.io/tol/convert/index.html","https://raw.githubusercontent.com/mobsp/mobsp.github.io/gh-pages/tol/convert/index.html"
"mobsp","mobsp.github.io","gh-pages","tol","tol/data.json","https://mobsp.qzz.io/tol/data.json","https://raw.githubusercontent.com/mobsp/mobsp.github.io/gh-pages/tol/data.json"
"mobsp","mobsp.github.io","gh-pages","tol/editot","tol/editot/index.html","https://mobsp.qzz.io/tol/editot/index.html","https://raw.githubusercontent.com/mobsp/mobsp.github.io/gh-pages/tol/editot/index.html"
"mobsp","mobsp.github.io","gh-pages","tol/gh-idx","tol/gh-idx/index.html","https://mobsp.qzz.io/tol/gh-idx/index.html","https://raw.githubusercontent.com/mobsp/mobsp.github.io/gh-pages/tol/gh-idx/index.html"
"mobsp","mobsp.github.io","gh-pages","tol","tol/index.html","https://mobsp.qzz.io/tol/index.html","https://raw.githubusercontent.com/mobsp/mobsp.github.io/gh-pages/tol/index.html"
"mobsp","mobsp.github.io","gh-pages","tol/k-zero","tol/k-zero/index.html","https://mobsp.qzz.io/tol/k-zero/index.html","https://raw.githubusercontent.com/mobsp/mobsp.github.io/gh-pages/tol/k-zero/index.html"
"mobsp","mobsp.github.io","gh-pages","tol/keep","tol/keep/index.html","https://mobsp.qzz.io/tol/keep/index.html","https://raw.githubusercontent.com/mobsp/mobsp.github.io/gh-pages/tol/keep/index.html"
"mobsp","mobsp.github.io","gh-pages","tol/lab","tol/lab/index.html","https://mobsp.qzz.io/tol/lab/index.html","https://raw.githubusercontent.com/mobsp/mobsp.github.io/gh-pages/tol/lab/index.html"
"mobsp","mobsp.github.io","gh-pages","tol/publisher","tol/publisher/index.html","https://mobsp.qzz.io/tol/publisher/index.html","https://raw.githubusercontent.com/mobsp/mobsp.github.io/gh-pages/tol/publisher/index.html"
"mobsp","mobsp.github.io","gh-pages","tol","tol/rss-generator.html","https://mobsp.qzz.io/tol/rss-generator.html","https://raw.githubusercontent.com/mobsp/mobsp.github.io/gh-pages/tol/rss-generator.html"
"mobsp","mobsp.github.io","gh-pages","tol/tourl","tol/tourl/index.html","https://mobsp.qzz.io/tol/tourl/index.html","https://raw.githubusercontent.com/mobsp/mobsp.github.io/gh-pages/tol/tourl/index.html"
"mobsp","mobsp.github.io","gh-pages","tol/ve","tol/ve/index.html","https://mobsp.qzz.io/tol/ve/index.html","https://raw.githubusercontent.com/mobsp/mobsp.github.io/gh-pages/tol/ve/index.html"
"mobsp","mobsp.github.io","gh-pages","tol/x-harv","tol/x-harv/index.html","https://mobsp.qzz.io/tol/x-harv/index.html","https://raw.githubusercontent.com/mobsp/mobsp.github.io/gh-pages/tol/x-harv/index.html"
"mobsp","mobsp.github.io","gh-pages","ROOT","update_icons.js","https://mobsp.qzz.io/update_icons.js","https://raw.githubusercontent.com/mobsp/mobsp.github.io/gh-pages/update_icons.js"
"mobsp","mobsp.github.io","gh-pages","wiki","wiki/index.html","https://mobsp.qzz.io/wiki/index.html","https://raw.githubusercontent.com/mobsp/mobsp.github.io/gh-pages/wiki/index.html"
"mobsp","mobsp.github.io","main",".github/workflows",".github/workflows/auto-sync.yml","https://mobsp.qzz.io/.github/workflows/auto-sync.yml","https://raw.githubusercontent.com/mobsp/mobsp.github.io/main/.github/workflows/auto-sync.yml"
"mobsp","mobsp.github.io","main",".github/workflows",".github/workflows/auto-update-json.yml","https://mobsp.qzz.io/.github/workflows/auto-update-json.yml","https://raw.githubusercontent.com/mobsp/mobsp.github.io/main/.github/workflows/auto-update-json.yml"
"mobsp","mobsp.github.io","main",".github/workflows",".github/workflows/beta-deploy.yml","https://mobsp.qzz.io/.github/workflows/beta-deploy.yml","https://raw.githubusercontent.com/mobsp/mobsp.github.io/main/.github/workflows/beta-deploy.yml"
"mobsp","mobsp.github.io","main",".github/workflows",".github/workflows/generate-list.yml","https://mobsp.qzz.io/.github/workflows/generate-list.yml","https://raw.githubusercontent.com/mobsp/mobsp.github.io/main/.github/workflows/generate-list.yml"
"mobsp","mobsp.github.io","main",".github/workflows",".github/workflows/webp-magic.yml","https://mobsp.qzz.io/.github/workflows/webp-magic.yml","https://raw.githubusercontent.com/mobsp/mobsp.github.io/main/.github/workflows/webp-magic.yml"
"mobsp","mobsp.github.io","main","ROOT","CNAME","https://mobsp.qzz.io/CNAME","https://raw.githubusercontent.com/mobsp/mobsp.github.io/main/CNAME"
"mobsp","mobsp.github.io","main","ROOT","README.md","https://mobsp.qzz.io/README.md","https://raw.githubusercontent.com/mobsp/mobsp.github.io/main/README.md"
"mobsp","mobsp.github.io","main","_layouts","_layouts/mobi-space-article.html","https://mobsp.qzz.io/_layouts/mobi-space-article.html","https://raw.githubusercontent.com/mobsp/mobsp.github.io/main/_layouts/mobi-space-article.html"
"mobsp","mobsp.github.io","main","ROOT","app.yaml","https://mobsp.qzz.io/app.yaml","https://raw.githubusercontent.com/mobsp/mobsp.github.io/main/app.yaml"
"mobsp","mobsp.github.io","main","app","app/index.html","https://mobsp.qzz.io/app/index.html","https://raw.githubusercontent.com/mobsp/mobsp.github.io/main/app/index.html"
"mobsp","mobsp.github.io","main","ROOT","articles.json","https://mobsp.qzz.io/articles.json","https://raw.githubusercontent.com/mobsp/mobsp.github.io/main/articles.json"
"mobsp","mobsp.github.io","main","assets/brand","assets/brand/IMG_4802.png","https://mobsp.qzz.io/assets/brand/IMG_4802.png","https://raw.githubusercontent.com/mobsp/mobsp.github.io/main/assets/brand/IMG_4802.png"
"mobsp","mobsp.github.io","main","assets/brand","assets/brand/IMG_4901.jpeg","https://mobsp.qzz.io/assets/brand/IMG_4901.jpeg","https://raw.githubusercontent.com/mobsp/mobsp.github.io/main/assets/brand/IMG_4901.jpeg"
"mobsp","mobsp.github.io","main","assets/brand","assets/brand/README.md","https://mobsp.qzz.io/assets/brand/README.md","https://raw.githubusercontent.com/mobsp/mobsp.github.io/main/assets/brand/README.md"
"mobsp","mobsp.github.io","main","assets/brand","assets/brand/ScreenRecording_02-11-2026 07-51-30_1.mov","https://mobsp.qzz.io/assets/brand/ScreenRecording_02-11-2026 07-51-30_1.mov","https://raw.githubusercontent.com/mobsp/mobsp.github.io/main/assets/brand/ScreenRecording_02-11-2026 07-51-30_1.mov"
"mobsp","mobsp.github.io","main","assets/brand","assets/brand/apple-mobsp-icon.png","https://mobsp.qzz.io/assets/brand/apple-mobsp-icon.png","https://raw.githubusercontent.com/mobsp/mobsp.github.io/main/assets/brand/apple-mobsp-icon.png"
"mobsp","mobsp.github.io","main","assets/brand","assets/brand/favicon-mobsp-icon.png","https://mobsp.qzz.io/assets/brand/favicon-mobsp-icon.png","https://raw.githubusercontent.com/mobsp/mobsp.github.io/main/assets/brand/favicon-mobsp-icon.png"
"mobsp","mobsp.github.io","main","assets/brand","assets/brand/mobsp-icon.png","https://mobsp.qzz.io/assets/brand/mobsp-icon.png","https://raw.githubusercontent.com/mobsp/mobsp.github.io/main/assets/brand/mobsp-icon.png"
"mobsp","mobsp.github.io","main","assets/brand","assets/brand/mobsp-icon.svg","https://mobsp.qzz.io/assets/brand/mobsp-icon.svg","https://raw.githubusercontent.com/mobsp/mobsp.github.io/main/assets/brand/mobsp-icon.svg"
"mobsp","mobsp.github.io","main","assets/brand","assets/brand/mobsp-logo.png","https://mobsp.qzz.io/assets/brand/mobsp-logo.png","https://raw.githubusercontent.com/mobsp/mobsp.github.io/main/assets/brand/mobsp-logo.png"
"mobsp","mobsp.github.io","main","assets/brand","assets/brand/ms-blog-title.JPEG","https://mobsp.qzz.io/assets/brand/ms-blog-title.JPEG","https://raw.githubusercontent.com/mobsp/mobsp.github.io/main/assets/brand/ms-blog-title.JPEG"
"mobsp","mobsp.github.io","main","assets/brand","assets/brand/ms-blog.JPEG","https://mobsp.qzz.io/assets/brand/ms-blog.JPEG","https://raw.githubusercontent.com/mobsp/mobsp.github.io/main/assets/brand/ms-blog.JPEG"
"mobsp","mobsp.github.io","main","assets/brand","assets/brand/ms-guide-title.JPEG","https://mobsp.qzz.io/assets/brand/ms-guide-title.JPEG","https://raw.githubusercontent.com/mobsp/mobsp.github.io/main/assets/brand/ms-guide-title.JPEG"
"mobsp","mobsp.github.io","main","assets/brand","assets/brand/ms-guide.JPEG","https://mobsp.qzz.io/assets/brand/ms-guide.JPEG","https://raw.githubusercontent.com/mobsp/mobsp.github.io/main/assets/brand/ms-guide.JPEG"
"mobsp","mobsp.github.io","main","assets/brand","assets/brand/ms-history-title.JPEG","https://mobsp.qzz.io/assets/brand/ms-history-title.JPEG","https://raw.githubusercontent.com/mobsp/mobsp.github.io/main/assets/brand/ms-history-title.JPEG"
"mobsp","mobsp.github.io","main","assets/brand","assets/brand/ms-logo.JPEG","https://mobsp.qzz.io/assets/brand/ms-logo.JPEG","https://raw.githubusercontent.com/mobsp/mobsp.github.io/main/assets/brand/ms-logo.JPEG"
"mobsp","mobsp.github.io","main","assets/brand","assets/brand/ms-logo1.JPEG","https://mobsp.qzz.io/assets/brand/ms-logo1.JPEG","https://raw.githubusercontent.com/mobsp/mobsp.github.io/main/assets/brand/ms-logo1.JPEG"
"mobsp","mobsp.github.io","main","assets/brand","assets/brand/ms-music-title.JPEG","https://mobsp.qzz.io/assets/brand/ms-music-title.JPEG","https://raw.githubusercontent.com/mobsp/mobsp.github.io/main/assets/brand/ms-music-title.JPEG"
"mobsp","mobsp.github.io","main","assets/brand","assets/brand/ms-music.JPEG","https://mobsp.qzz.io/assets/brand/ms-music.JPEG","https://raw.githubusercontent.com/mobsp/mobsp.github.io/main/assets/brand/ms-music.JPEG"
"mobsp","mobsp.github.io","main","assets/brand","assets/brand/ms-post.JPEG","https://mobsp.qzz.io/assets/brand/ms-post.JPEG","https://raw.githubusercontent.com/mobsp/mobsp.github.io/main/assets/brand/ms-post.JPEG"
"mobsp","mobsp.github.io","main","assets/brand","assets/brand/ms-setting-title.JPEG","https://mobsp.qzz.io/assets/brand/ms-setting-title.JPEG","https://raw.githubusercontent.com/mobsp/mobsp.github.io/main/assets/brand/ms-setting-title.JPEG"
"mobsp","mobsp.github.io","main","assets/brand","assets/brand/ms-shorts-title.JPEG","https://mobsp.qzz.io/assets/brand/ms-shorts-title.JPEG","https://raw.githubusercontent.com/mobsp/mobsp.github.io/main/assets/brand/ms-shorts-title.JPEG"
"mobsp","mobsp.github.io","main","assets/brand","assets/brand/ms-shorts.JPEG","https://mobsp.qzz.io/assets/brand/ms-shorts.JPEG","https://raw.githubusercontent.com/mobsp/mobsp.github.io/main/assets/brand/ms-shorts.JPEG"
"mobsp","mobsp.github.io","main","assets/brand","assets/brand/ms-svg-view-title.JPEG","https://mobsp.qzz.io/assets/brand/ms-svg-view-title.JPEG","https://raw.githubusercontent.com/mobsp/mobsp.github.io/main/assets/brand/ms-svg-view-title.JPEG"
"mobsp","mobsp.github.io","main","assets/brand","assets/brand/ms-tools-title.JPEG","https://mobsp.qzz.io/assets/brand/ms-tools-title.JPEG","https://raw.githubusercontent.com/mobsp/mobsp.github.io/main/assets/brand/ms-tools-title.JPEG"
"mobsp","mobsp.github.io","main","assets/brand","assets/brand/ms-tools.JPEG","https://mobsp.qzz.io/assets/brand/ms-tools.JPEG","https://raw.githubusercontent.com/mobsp/mobsp.github.io/main/assets/brand/ms-tools.JPEG"
"mobsp","mobsp.github.io","main","assets/brand","assets/brand/ms-wiki-title.JPEG","https://mobsp.qzz.io/assets/brand/ms-wiki-title.JPEG","https://raw.githubusercontent.com/mobsp/mobsp.github.io/main/assets/brand/ms-wiki-title.JPEG"
"mobsp","mobsp.github.io","main","assets/brand","assets/brand/ms-wiki.JPEG","https://mobsp.qzz.io/assets/brand/ms-wiki.JPEG","https://raw.githubusercontent.com/mobsp/mobsp.github.io/main/assets/brand/ms-wiki.JPEG"
"mobsp","mobsp.github.io","main","assets/brand","assets/brand/莫比音樂Logo.jpeg","https://mobsp.qzz.io/assets/brand/莫比音樂Logo.jpeg","https://raw.githubusercontent.com/mobsp/mobsp.github.io/main/assets/brand/莫比音樂Logo.jpeg"
"mobsp","mobsp.github.io","main","assets/icon/svg","assets/icon/svg/alarm_off.svg","https://mobsp.qzz.io/assets/icon/svg/alarm_off.svg","https://raw.githubusercontent.com/mobsp/mobsp.github.io/main/assets/icon/svg/alarm_off.svg"
"mobsp","mobsp.github.io","main","assets/icon/svg","assets/icon/svg/alarm_on.svg","https://mobsp.qzz.io/assets/icon/svg/alarm_on.svg","https://raw.githubusercontent.com/mobsp/mobsp.github.io/main/assets/icon/svg/alarm_on.svg"
"mobsp","mobsp.github.io","main","assets/icon/svg","assets/icon/svg/badge_dollar.svg","https://mobsp.qzz.io/assets/icon/svg/badge_dollar.svg","https://raw.githubusercontent.com/mobsp/mobsp.github.io/main/assets/icon/svg/badge_dollar.svg"
"mobsp","mobsp.github.io","main","assets/icon/svg","assets/icon/svg/bank.svg","https://mobsp.qzz.io/assets/icon/svg/bank.svg","https://raw.githubusercontent.com/mobsp/mobsp.github.io/main/assets/icon/svg/bank.svg"
"mobsp","mobsp.github.io","main","assets/icon/svg","assets/icon/svg/barcode.svg","https://mobsp.qzz.io/assets/icon/svg/barcode.svg","https://raw.githubusercontent.com/mobsp/mobsp.github.io/main/assets/icon/svg/barcode.svg"
"mobsp","mobsp.github.io","main","assets/icon/svg","assets/icon/svg/battery_charging.svg","https://mobsp.qzz.io/assets/icon/svg/battery_charging.svg","https://raw.githubusercontent.com/mobsp/mobsp.github.io/main/assets/icon/svg/battery_charging.svg"
"mobsp","mobsp.github.io","main","assets/icon/svg","assets/icon/svg/battery_empty.svg","https://mobsp.qzz.io/assets/icon/svg/battery_empty.svg","https://raw.githubusercontent.com/mobsp/mobsp.github.io/main/assets/icon/svg/battery_empty.svg"
"mobsp","mobsp.github.io","main","assets/icon/svg","assets/icon/svg/battery_full.svg","https://mobsp.qzz.io/assets/icon/svg/battery_full.svg","https://raw.githubusercontent.com/mobsp/mobsp.github.io/main/assets/icon/svg/battery_full.svg"
"mobsp","mobsp.github.io","main","assets/icon/svg","assets/icon/svg/bell_off.svg","https://mobsp.qzz.io/assets/icon/svg/bell_off.svg","https://raw.githubusercontent.com/mobsp/mobsp.github.io/main/assets/icon/svg/bell_off.svg"
"mobsp","mobsp.github.io","main","assets/icon/svg","assets/icon/svg/bell_on.svg","https://mobsp.qzz.io/assets/icon/svg/bell_on.svg","https://raw.githubusercontent.com/mobsp/mobsp.github.io/main/assets/icon/svg/bell_on.svg"
"mobsp","mobsp.github.io","main","assets/icon/svg","assets/icon/svg/bezier.svg","https://mobsp.qzz.io/assets/icon/svg/bezier.svg","https://raw.githubusercontent.com/mobsp/mobsp.github.io/main/assets/icon/svg/bezier.svg"
"mobsp","mobsp.github.io","main","assets/icon/svg","assets/icon/svg/bluetooth.svg","https://mobsp.qzz.io/assets/icon/svg/bluetooth.svg","https://raw.githubusercontent.com/mobsp/mobsp.github.io/main/assets/icon/svg/bluetooth.svg"
"mobsp","mobsp.github.io","main","assets/icon/svg","assets/icon/svg/bookmark.svg","https://mobsp.qzz.io/assets/icon/svg/bookmark.svg","https://raw.githubusercontent.com/mobsp/mobsp.github.io/main/assets/icon/svg/bookmark.svg"
"mobsp","mobsp.github.io","main","assets/icon/svg","assets/icon/svg/bookmark_check.svg","https://mobsp.qzz.io/assets/icon/svg/bookmark_check.svg","https://raw.githubusercontent.com/mobsp/mobsp.github.io/main/assets/icon/svg/bookmark_check.svg"
"mobsp","mobsp.github.io","main","assets/icon/svg","assets/icon/svg/bookmark_minus.svg","https://mobsp.qzz.io/assets/icon/svg/bookmark_minus.svg","https://raw.githubusercontent.com/mobsp/mobsp.github.io/main/assets/icon/svg/bookmark_minus.svg"
"mobsp","mobsp.github.io","main","assets/icon/svg","assets/icon/svg/bookmark_plus.svg","https://mobsp.qzz.io/assets/icon/svg/bookmark_plus.svg","https://raw.githubusercontent.com/mobsp/mobsp.github.io/main/assets/icon/svg/bookmark_plus.svg"
"mobsp","mobsp.github.io","main","assets/icon/svg","assets/icon/svg/bookmark_remove.svg","https://mobsp.qzz.io/assets/icon/svg/bookmark_remove.svg","https://raw.githubusercontent.com/mobsp/mobsp.github.io/main/assets/icon/svg/bookmark_remove.svg"
"mobsp","mobsp.github.io","main","assets/icon/svg","assets/icon/svg/box_list.svg","https://mobsp.qzz.io/assets/icon/svg/box_list.svg","https://raw.githubusercontent.com/mobsp/mobsp.github.io/main/assets/icon/svg/box_list.svg"
"mobsp","mobsp.github.io","main","assets/icon/svg","assets/icon/svg/boxes.svg","https://mobsp.qzz.io/assets/icon/svg/boxes.svg","https://raw.githubusercontent.com/mobsp/mobsp.github.io/main/assets/icon/svg/boxes.svg"
"mobsp","mobsp.github.io","main","assets/icon/svg","assets/icon/svg/brightness_down.svg","https://mobsp.qzz.io/assets/icon/svg/brightness_down.svg","https://raw.githubusercontent.com/mobsp/mobsp.github.io/main/assets/icon/svg/brightness_down.svg"
"mobsp","mobsp.github.io","main","assets/icon/svg","assets/icon/svg/brightness_up.svg","https://mobsp.qzz.io/assets/icon/svg/brightness_up.svg","https://raw.githubusercontent.com/mobsp/mobsp.github.io/main/assets/icon/svg/brightness_up.svg"
"mobsp","mobsp.github.io","main","assets/icon/svg","assets/icon/svg/bullhorn.svg","https://mobsp.qzz.io/assets/icon/svg/bullhorn.svg","https://raw.githubusercontent.com/mobsp/mobsp.github.io/main/assets/icon/svg/bullhorn.svg"
"mobsp","mobsp.github.io","main","assets/icon/svg","assets/icon/svg/calculator_1.svg","https://mobsp.qzz.io/assets/icon/svg/calculator_1.svg","https://raw.githubusercontent.com/mobsp/mobsp.github.io/main/assets/icon/svg/calculator_1.svg"
"mobsp","mobsp.github.io","main","assets/icon/svg","assets/icon/svg/calculator_2.svg","https://mobsp.qzz.io/assets/icon/svg/calculator_2.svg","https://raw.githubusercontent.com/mobsp/mobsp.github.io/main/assets/icon/svg/calculator_2.svg"
"mobsp","mobsp.github.io","main","assets/icon/svg","assets/icon/svg/calendar.svg","https://mobsp.qzz.io/assets/icon/svg/calendar.svg","https://raw.githubusercontent.com/mobsp/mobsp.github.io/main/assets/icon/svg/calendar.svg"
"mobsp","mobsp.github.io","main","assets/icon/svg","assets/icon/svg/calendar_date.svg","https://mobsp.qzz.io/assets/icon/svg/calendar_date.svg","https://raw.githubusercontent.com/mobsp/mobsp.github.io/main/assets/icon/svg/calendar_date.svg"
"mobsp","mobsp.github.io","main","assets/icon/svg","assets/icon/svg/camera.svg","https://mobsp.qzz.io/assets/icon/svg/camera.svg","https://raw.githubusercontent.com/mobsp/mobsp.github.io/main/assets/icon/svg/camera.svg"
"mobsp","mobsp.github.io","main","assets/icon/svg","assets/icon/svg/chat_1.svg","https://mobsp.qzz.io/assets/icon/svg/chat_1.svg","https://raw.githubusercontent.com/mobsp/mobsp.github.io/main/assets/icon/svg/chat_1.svg"
"mobsp","mobsp.github.io","main","assets/icon/svg","assets/icon/svg/chat_2.svg","https://mobsp.qzz.io/assets/icon/svg/chat_2.svg","https://raw.githubusercontent.com/mobsp/mobsp.github.io/main/assets/icon/svg/chat_2.svg"
"mobsp","mobsp.github.io","main","assets/icon/svg","assets/icon/svg/circle_alert.svg","https://mobsp.qzz.io/assets/icon/svg/circle_alert.svg","https://raw.githubusercontent.com/mobsp/mobsp.github.io/main/assets/icon/svg/circle_alert.svg"
"mobsp","mobsp.github.io","main","assets/icon/svg","assets/icon/svg/circle_check.svg","https://mobsp.qzz.io/assets/icon/svg/circle_check.svg","https://raw.githubusercontent.com/mobsp/mobsp.github.io/main/assets/icon/svg/circle_check.svg"
"mobsp","mobsp.github.io","main","assets/icon/svg","assets/icon/svg/circle_chev_down.svg","https://mobsp.qzz.io/assets/icon/svg/circle_chev_down.svg","https://raw.githubusercontent.com/mobsp/mobsp.github.io/main/assets/icon/svg/circle_chev_down.svg"
"mobsp","mobsp.github.io","main","assets/icon/svg","assets/icon/svg/circle_chev_left.svg","https://mobsp.qzz.io/assets/icon/svg/circle_chev_left.svg","https://raw.githubusercontent.com/mobsp/mobsp.github.io/main/assets/icon/svg/circle_chev_left.svg"
"mobsp","mobsp.github.io","main","assets/icon/svg","assets/icon/svg/circle_chev_right.svg","https://mobsp.qzz.io/assets/icon/svg/circle_chev_right.svg","https://raw.githubusercontent.com/mobsp/mobsp.github.io/main/assets/icon/svg/circle_chev_right.svg"
"mobsp","mobsp.github.io","main","assets/icon/svg","assets/icon/svg/circle_chev_up.svg","https://mobsp.qzz.io/assets/icon/svg/circle_chev_up.svg","https://raw.githubusercontent.com/mobsp/mobsp.github.io/main/assets/icon/svg/circle_chev_up.svg"
"mobsp","mobsp.github.io","main","assets/icon/svg","assets/icon/svg/circle_info.svg","https://mobsp.qzz.io/assets/icon/svg/circle_info.svg","https://raw.githubusercontent.com/mobsp/mobsp.github.io/main/assets/icon/svg/circle_info.svg"
"mobsp","mobsp.github.io","main","assets/icon/svg","assets/icon/svg/circle_list.svg","https://mobsp.qzz.io/assets/icon/svg/circle_list.svg","https://raw.githubusercontent.com/mobsp/mobsp.github.io/main/assets/icon/svg/circle_list.svg"
"mobsp","mobsp.github.io","main","assets/icon/svg","assets/icon/svg/circle_minus.svg","https://mobsp.qzz.io/assets/icon/svg/circle_minus.svg","https://raw.githubusercontent.com/mobsp/mobsp.github.io/main/assets/icon/svg/circle_minus.svg"
"mobsp","mobsp.github.io","main","assets/icon/svg","assets/icon/svg/circle_more.svg","https://mobsp.qzz.io/assets/icon/svg/circle_more.svg","https://raw.githubusercontent.com/mobsp/mobsp.github.io/main/assets/icon/svg/circle_more.svg"
"mobsp","mobsp.github.io","main","assets/icon/svg","assets/icon/svg/circle_plus.svg","https://mobsp.qzz.io/assets/icon/svg/circle_plus.svg","https://raw.githubusercontent.com/mobsp/mobsp.github.io/main/assets/icon/svg/circle_plus.svg"
"mobsp","mobsp.github.io","main","assets/icon/svg","assets/icon/svg/circle_question.svg","https://mobsp.qzz.io/assets/icon/svg/circle_question.svg","https://raw.githubusercontent.com/mobsp/mobsp.github.io/main/assets/icon/svg/circle_question.svg"
"mobsp","mobsp.github.io","main","assets/icon/svg","assets/icon/svg/circle_remove.svg","https://mobsp.qzz.io/assets/icon/svg/circle_remove.svg","https://raw.githubusercontent.com/mobsp/mobsp.github.io/main/assets/icon/svg/circle_remove.svg"
"mobsp","mobsp.github.io","main","assets/icon/svg","assets/icon/svg/clock_1.svg","https://mobsp.qzz.io/assets/icon/svg/clock_1.svg","https://raw.githubusercontent.com/mobsp/mobsp.github.io/main/assets/icon/svg/clock_1.svg"
"mobsp","mobsp.github.io","main","assets/icon/svg","assets/icon/svg/clock_2.svg","https://mobsp.qzz.io/assets/icon/svg/clock_2.svg","https://raw.githubusercontent.com/mobsp/mobsp.github.io/main/assets/icon/svg/clock_2.svg"
"mobsp","mobsp.github.io","main","assets/icon/svg","assets/icon/svg/cloud.svg","https://mobsp.qzz.io/assets/icon/svg/cloud.svg","https://raw.githubusercontent.com/mobsp/mobsp.github.io/main/assets/icon/svg/cloud.svg"
"mobsp","mobsp.github.io","main","assets/icon/svg","assets/icon/svg/cloud_drizzle.svg","https://mobsp.qzz.io/assets/icon/svg/cloud_drizzle.svg","https://raw.githubusercontent.com/mobsp/mobsp.github.io/main/assets/icon/svg/cloud_drizzle.svg"
"mobsp","mobsp.github.io","main","assets/icon/svg","assets/icon/svg/cloud_moon.svg","https://mobsp.qzz.io/assets/icon/svg/cloud_moon.svg","https://raw.githubusercontent.com/mobsp/mobsp.github.io/main/assets/icon/svg/cloud_moon.svg"
"mobsp","mobsp.github.io","main","assets/icon/svg","assets/icon/svg/cloud_off.svg","https://mobsp.qzz.io/assets/icon/svg/cloud_off.svg","https://raw.githubusercontent.com/mobsp/mobsp.github.io/main/assets/icon/svg/cloud_off.svg"
"mobsp","mobsp.github.io","main","assets/icon/svg","assets/icon/svg/cloud_on.svg","https://mobsp.qzz.io/assets/icon/svg/cloud_on.svg","https://raw.githubusercontent.com/mobsp/mobsp.github.io/main/assets/icon/svg/cloud_on.svg"
"mobsp","mobsp.github.io","main","assets/icon/svg","assets/icon/svg/cloud_rainbow.svg","https://mobsp.qzz.io/assets/icon/svg/cloud_rainbow.svg","https://raw.githubusercontent.com/mobsp/mobsp.github.io/main/assets/icon/svg/cloud_rainbow.svg"
"mobsp","mobsp.github.io","main","assets/icon/svg","assets/icon/svg/cloud_sun.svg","https://mobsp.qzz.io/assets/icon/svg/cloud_sun.svg","https://raw.githubusercontent.com/mobsp/mobsp.github.io/main/assets/icon/svg/cloud_sun.svg"
"mobsp","mobsp.github.io","main","assets/icon/svg","assets/icon/svg/compass_1.svg","https://mobsp.qzz.io/assets/icon/svg/compass_1.svg","https://raw.githubusercontent.com/mobsp/mobsp.github.io/main/assets/icon/svg/compass_1.svg"
"mobsp","mobsp.github.io","main","assets/icon/svg","assets/icon/svg/crop.svg","https://mobsp.qzz.io/assets/icon/svg/crop.svg","https://raw.githubusercontent.com/mobsp/mobsp.github.io/main/assets/icon/svg/crop.svg"
"mobsp","mobsp.github.io","main","assets/icon/svg","assets/icon/svg/dark.svg","https://mobsp.qzz.io/assets/icon/svg/dark.svg","https://raw.githubusercontent.com/mobsp/mobsp.github.io/main/assets/icon/svg/dark.svg"
"mobsp","mobsp.github.io","main","assets/icon/svg","assets/icon/svg/database.svg","https://mobsp.qzz.io/assets/icon/svg/database.svg","https://raw.githubusercontent.com/mobsp/mobsp.github.io/main/assets/icon/svg/database.svg"
"mobsp","mobsp.github.io","main","assets/icon/svg","assets/icon/svg/desktop.svg","https://mobsp.qzz.io/assets/icon/svg/desktop.svg","https://raw.githubusercontent.com/mobsp/mobsp.github.io/main/assets/icon/svg/desktop.svg"
"mobsp","mobsp.github.io","main","assets/icon/svg","assets/icon/svg/discount_1.svg","https://mobsp.qzz.io/assets/icon/svg/discount_1.svg","https://raw.githubusercontent.com/mobsp/mobsp.github.io/main/assets/icon/svg/discount_1.svg"
"mobsp","mobsp.github.io","main","assets/icon/svg","assets/icon/svg/dollar.svg","https://mobsp.qzz.io/assets/icon/svg/dollar.svg","https://raw.githubusercontent.com/mobsp/mobsp.github.io/main/assets/icon/svg/dollar.svg"
"mobsp","mobsp.github.io","main","assets/icon/svg","assets/icon/svg/droplet.svg","https://mobsp.qzz.io/assets/icon/svg/droplet.svg","https://raw.githubusercontent.com/mobsp/mobsp.github.io/main/assets/icon/svg/droplet.svg"
"mobsp","mobsp.github.io","main","assets/icon/svg","assets/icon/svg/edit.svg","https://mobsp.qzz.io/assets/icon/svg/edit.svg","https://raw.githubusercontent.com/mobsp/mobsp.github.io/main/assets/icon/svg/edit.svg"
"mobsp","mobsp.github.io","main","assets/icon/svg","assets/icon/svg/eraser.svg","https://mobsp.qzz.io/assets/icon/svg/eraser.svg","https://raw.githubusercontent.com/mobsp/mobsp.github.io/main/assets/icon/svg/eraser.svg"
"mobsp","mobsp.github.io","main","assets/icon/svg","assets/icon/svg/export.svg","https://mobsp.qzz.io/assets/icon/svg/export.svg","https://raw.githubusercontent.com/mobsp/mobsp.github.io/main/assets/icon/svg/export.svg"
"mobsp","mobsp.github.io","main","assets/icon/svg","assets/icon/svg/face_frown.svg","https://mobsp.qzz.io/assets/icon/svg/face_frown.svg","https://raw.githubusercontent.com/mobsp/mobsp.github.io/main/assets/icon/svg/face_frown.svg"
"mobsp","mobsp.github.io","main","assets/icon/svg","assets/icon/svg/face_meh.svg","https://mobsp.qzz.io/assets/icon/svg/face_meh.svg","https://raw.githubusercontent.com/mobsp/mobsp.github.io/main/assets/icon/svg/face_meh.svg"
"mobsp","mobsp.github.io","main","assets/icon/svg","assets/icon/svg/face_smile.svg","https://mobsp.qzz.io/assets/icon/svg/face_smile.svg","https://raw.githubusercontent.com/mobsp/mobsp.github.io/main/assets/icon/svg/face_smile.svg"
"mobsp","mobsp.github.io","main","assets/icon/svg","assets/icon/svg/facebook.svg","https://mobsp.qzz.io/assets/icon/svg/facebook.svg","https://raw.githubusercontent.com/mobsp/mobsp.github.io/main/assets/icon/svg/facebook.svg"
"mobsp","mobsp.github.io","main","assets/icon/svg","assets/icon/svg/file_off.svg","https://mobsp.qzz.io/assets/icon/svg/file_off.svg","https://raw.githubusercontent.com/mobsp/mobsp.github.io/main/assets/icon/svg/file_off.svg"
"mobsp","mobsp.github.io","main","assets/icon/svg","assets/icon/svg/file_on.svg","https://mobsp.qzz.io/assets/icon/svg/file_on.svg","https://raw.githubusercontent.com/mobsp/mobsp.github.io/main/assets/icon/svg/file_on.svg"
"mobsp","mobsp.github.io","main","assets/icon/svg","assets/icon/svg/filter.svg","https://mobsp.qzz.io/assets/icon/svg/filter.svg","https://raw.githubusercontent.com/mobsp/mobsp.github.io/main/assets/icon/svg/filter.svg"
"mobsp","mobsp.github.io","main","assets/icon/svg","assets/icon/svg/flag_1.svg","https://mobsp.qzz.io/assets/icon/svg/flag_1.svg","https://raw.githubusercontent.com/mobsp/mobsp.github.io/main/assets/icon/svg/flag_1.svg"
"mobsp","mobsp.github.io","main","assets/icon/svg","assets/icon/svg/floppy_disk.svg","https://mobsp.qzz.io/assets/icon/svg/floppy_disk.svg","https://raw.githubusercontent.com/mobsp/mobsp.github.io/main/assets/icon/svg/floppy_disk.svg"
"mobsp","mobsp.github.io","main","assets/icon/svg","assets/icon/svg/folder_off.svg","https://mobsp.qzz.io/assets/icon/svg/folder_off.svg","https://raw.githubusercontent.com/mobsp/mobsp.github.io/main/assets/icon/svg/folder_off.svg"
"mobsp","mobsp.github.io","main","assets/icon/svg","assets/icon/svg/folder_on.svg","https://mobsp.qzz.io/assets/icon/svg/folder_on.svg","https://raw.githubusercontent.com/mobsp/mobsp.github.io/main/assets/icon/svg/folder_on.svg"
"mobsp","mobsp.github.io","main","assets/icon/svg","assets/icon/svg/gift.svg","https://mobsp.qzz.io/assets/icon/svg/gift.svg","https://raw.githubusercontent.com/mobsp/mobsp.github.io/main/assets/icon/svg/gift.svg"
"mobsp","mobsp.github.io","main","assets/icon/svg","assets/icon/svg/globe.svg","https://mobsp.qzz.io/assets/icon/svg/globe.svg","https://raw.githubusercontent.com/mobsp/mobsp.github.io/main/assets/icon/svg/globe.svg"
"mobsp","mobsp.github.io","main","assets/icon/svg","assets/icon/svg/gps.svg","https://mobsp.qzz.io/assets/icon/svg/gps.svg","https://raw.githubusercontent.com/mobsp/mobsp.github.io/main/assets/icon/svg/gps.svg"
"mobsp","mobsp.github.io","main","assets/icon/svg","assets/icon/svg/grid_2-h.svg","https://mobsp.qzz.io/assets/icon/svg/grid_2-h.svg","https://raw.githubusercontent.com/mobsp/mobsp.github.io/main/assets/icon/svg/grid_2-h.svg"
"mobsp","mobsp.github.io","main","assets/icon/svg","assets/icon/svg/grid_2-v.svg","https://mobsp.qzz.io/assets/icon/svg/grid_2-v.svg","https://raw.githubusercontent.com/mobsp/mobsp.github.io/main/assets/icon/svg/grid_2-v.svg"
"mobsp","mobsp.github.io","main","assets/icon/svg","assets/icon/svg/grid_4-1.svg","https://mobsp.qzz.io/assets/icon/svg/grid_4-1.svg","https://raw.githubusercontent.com/mobsp/mobsp.github.io/main/assets/icon/svg/grid_4-1.svg"
"mobsp","mobsp.github.io","main","assets/icon/svg","assets/icon/svg/hard_drive.svg","https://mobsp.qzz.io/assets/icon/svg/hard_drive.svg","https://raw.githubusercontent.com/mobsp/mobsp.github.io/main/assets/icon/svg/hard_drive.svg"
"mobsp","mobsp.github.io","main","assets/icon/svg","assets/icon/svg/hashtag.svg","https://mobsp.qzz.io/assets/icon/svg/hashtag.svg","https://raw.githubusercontent.com/mobsp/mobsp.github.io/main/assets/icon/svg/hashtag.svg"
"mobsp","mobsp.github.io","main","assets/icon/svg","assets/icon/svg/headphones.svg","https://mobsp.qzz.io/assets/icon/svg/headphones.svg","https://raw.githubusercontent.com/mobsp/mobsp.github.io/main/assets/icon/svg/headphones.svg"
"mobsp","mobsp.github.io","main","assets/icon/svg","assets/icon/svg/heart.svg","https://mobsp.qzz.io/assets/icon/svg/heart.svg","https://raw.githubusercontent.com/mobsp/mobsp.github.io/main/assets/icon/svg/heart.svg"
"mobsp","mobsp.github.io","main","assets/icon/svg","assets/icon/svg/home.svg","https://mobsp.qzz.io/assets/icon/svg/home.svg","https://raw.githubusercontent.com/mobsp/mobsp.github.io/main/assets/icon/svg/home.svg"
"mobsp","mobsp.github.io","main","assets/icon/svg","assets/icon/svg/hotdog.svg","https://mobsp.qzz.io/assets/icon/svg/hotdog.svg","https://raw.githubusercontent.com/mobsp/mobsp.github.io/main/assets/icon/svg/hotdog.svg"
"mobsp","mobsp.github.io","main","assets/icon/svg","assets/icon/svg/ice_cream.svg","https://mobsp.qzz.io/assets/icon/svg/ice_cream.svg","https://raw.githubusercontent.com/mobsp/mobsp.github.io/main/assets/icon/svg/ice_cream.svg"
"mobsp","mobsp.github.io","main","assets/icon/svg","assets/icon/svg/image_off.svg","https://mobsp.qzz.io/assets/icon/svg/image_off.svg","https://raw.githubusercontent.com/mobsp/mobsp.github.io/main/assets/icon/svg/image_off.svg"
"mobsp","mobsp.github.io","main","assets/icon/svg","assets/icon/svg/image_on.svg","https://mobsp.qzz.io/assets/icon/svg/image_on.svg","https://raw.githubusercontent.com/mobsp/mobsp.github.io/main/assets/icon/svg/image_on.svg"
"mobsp","mobsp.github.io","main","assets/icon/svg","assets/icon/svg/import.svg","https://mobsp.qzz.io/assets/icon/svg/import.svg","https://raw.githubusercontent.com/mobsp/mobsp.github.io/main/assets/icon/svg/import.svg"
"mobsp","mobsp.github.io","main","assets/icon/svg","assets/icon/svg/inbox_in.svg","https://mobsp.qzz.io/assets/icon/svg/inbox_in.svg","https://raw.githubusercontent.com/mobsp/mobsp.github.io/main/assets/icon/svg/inbox_in.svg"
"mobsp","mobsp.github.io","main","assets/icon/svg","assets/icon/svg/inbox_out.svg","https://mobsp.qzz.io/assets/icon/svg/inbox_out.svg","https://raw.githubusercontent.com/mobsp/mobsp.github.io/main/assets/icon/svg/inbox_out.svg"
"mobsp","mobsp.github.io","main","assets/icon/svg","assets/icon/svg/instagram.svg","https://mobsp.qzz.io/assets/icon/svg/instagram.svg","https://raw.githubusercontent.com/mobsp/mobsp.github.io/main/assets/icon/svg/instagram.svg"
"mobsp","mobsp.github.io","main","assets/icon/svg","assets/icon/svg/keyboard.svg","https://mobsp.qzz.io/assets/icon/svg/keyboard.svg","https://raw.githubusercontent.com/mobsp/mobsp.github.io/main/assets/icon/svg/keyboard.svg"
"mobsp","mobsp.github.io","main","assets/icon/svg","assets/icon/svg/laptop.svg","https://mobsp.qzz.io/assets/icon/svg/laptop.svg","https://raw.githubusercontent.com/mobsp/mobsp.github.io/main/assets/icon/svg/laptop.svg"
"mobsp","mobsp.github.io","main","assets/icon/svg","assets/icon/svg/lemon.svg","https://mobsp.qzz.io/assets/icon/svg/lemon.svg","https://raw.githubusercontent.com/mobsp/mobsp.github.io/main/assets/icon/svg/lemon.svg"
"mobsp","mobsp.github.io","main","assets/icon/svg","assets/icon/svg/light.svg","https://mobsp.qzz.io/assets/icon/svg/light.svg","https://raw.githubusercontent.com/mobsp/mobsp.github.io/main/assets/icon/svg/light.svg"
"mobsp","mobsp.github.io","main","assets/icon/svg","assets/icon/svg/link.svg","https://mobsp.qzz.io/assets/icon/svg/link.svg","https://raw.githubusercontent.com/mobsp/mobsp.github.io/main/assets/icon/svg/link.svg"
"mobsp","mobsp.github.io","main","assets/icon/svg","assets/icon/svg/linkedin.svg","https://mobsp.qzz.io/assets/icon/svg/linkedin.svg","https://raw.githubusercontent.com/mobsp/mobsp.github.io/main/assets/icon/svg/linkedin.svg"
"mobsp","mobsp.github.io","main","assets/icon/svg","assets/icon/svg/location_arrow_1.svg","https://mobsp.qzz.io/assets/icon/svg/location_arrow_1.svg","https://raw.githubusercontent.com/mobsp/mobsp.github.io/main/assets/icon/svg/location_arrow_1.svg"
"mobsp","mobsp.github.io","main","assets/icon/svg","assets/icon/svg/location_off.svg","https://mobsp.qzz.io/assets/icon/svg/location_off.svg","https://raw.githubusercontent.com/mobsp/mobsp.github.io/main/assets/icon/svg/location_off.svg"
"mobsp","mobsp.github.io","main","assets/icon/svg","assets/icon/svg/location_on.svg","https://mobsp.qzz.io/assets/icon/svg/location_on.svg","https://raw.githubusercontent.com/mobsp/mobsp.github.io/main/assets/icon/svg/location_on.svg"
"mobsp","mobsp.github.io","main","assets/icon/svg","assets/icon/svg/lock.svg","https://mobsp.qzz.io/assets/icon/svg/lock.svg","https://raw.githubusercontent.com/mobsp/mobsp.github.io/main/assets/icon/svg/lock.svg"
"mobsp","mobsp.github.io","main","assets/icon/svg","assets/icon/svg/login.svg","https://mobsp.qzz.io/assets/icon/svg/login.svg","https://raw.githubusercontent.com/mobsp/mobsp.github.io/main/assets/icon/svg/login.svg"
"mobsp","mobsp.github.io","main","assets/icon/svg","assets/icon/svg/logout.svg","https://mobsp.qzz.io/assets/icon/svg/logout.svg","https://raw.githubusercontent.com/mobsp/mobsp.github.io/main/assets/icon/svg/logout.svg"
"mobsp","mobsp.github.io","main","assets/icon/svg","assets/icon/svg/lollipop.svg","https://mobsp.qzz.io/assets/icon/svg/lollipop.svg","https://raw.githubusercontent.com/mobsp/mobsp.github.io/main/assets/icon/svg/lollipop.svg"
"mobsp","mobsp.github.io","main","assets/icon/svg","assets/icon/svg/mail.svg","https://mobsp.qzz.io/assets/icon/svg/mail.svg","https://raw.githubusercontent.com/mobsp/mobsp.github.io/main/assets/icon/svg/mail.svg"
"mobsp","mobsp.github.io","main","assets/icon/svg","assets/icon/svg/map.svg","https://mobsp.qzz.io/assets/icon/svg/map.svg","https://raw.githubusercontent.com/mobsp/mobsp.github.io/main/assets/icon/svg/map.svg"
"mobsp","mobsp.github.io","main","assets/icon/svg","assets/icon/svg/map_pin.svg","https://mobsp.qzz.io/assets/icon/svg/map_pin.svg","https://raw.githubusercontent.com/mobsp/mobsp.github.io/main/assets/icon/svg/map_pin.svg"
"mobsp","mobsp.github.io","main","assets/icon/svg","assets/icon/svg/maximize_1.svg","https://mobsp.qzz.io/assets/icon/svg/maximize_1.svg","https://raw.githubusercontent.com/mobsp/mobsp.github.io/main/assets/icon/svg/maximize_1.svg"
"mobsp","mobsp.github.io","main","assets/icon/svg","assets/icon/svg/maximize_2.svg","https://mobsp.qzz.io/assets/icon/svg/maximize_2.svg","https://raw.githubusercontent.com/mobsp/mobsp.github.io/main/assets/icon/svg/maximize_2.svg"
"mobsp","mobsp.github.io","main","assets/icon/svg","assets/icon/svg/medal.svg","https://mobsp.qzz.io/assets/icon/svg/medal.svg","https://raw.githubusercontent.com/mobsp/mobsp.github.io/main/assets/icon/svg/medal.svg"
"mobsp","mobsp.github.io","main","assets/icon/svg","assets/icon/svg/memo_pad.svg","https://mobsp.qzz.io/assets/icon/svg/memo_pad.svg","https://raw.githubusercontent.com/mobsp/mobsp.github.io/main/assets/icon/svg/memo_pad.svg"
"mobsp","mobsp.github.io","main","assets/icon/svg","assets/icon/svg/microphone_off.svg","https://mobsp.qzz.io/assets/icon/svg/microphone_off.svg","https://raw.githubusercontent.com/mobsp/mobsp.github.io/main/assets/icon/svg/microphone_off.svg"
"mobsp","mobsp.github.io","main","assets/icon/svg","assets/icon/svg/microphone_on.svg","https://mobsp.qzz.io/assets/icon/svg/microphone_on.svg","https://raw.githubusercontent.com/mobsp/mobsp.github.io/main/assets/icon/svg/microphone_on.svg"
"mobsp","mobsp.github.io","main","assets/icon/svg","assets/icon/svg/minimize_1.svg","https://mobsp.qzz.io/assets/icon/svg/minimize_1.svg","https://raw.githubusercontent.com/mobsp/mobsp.github.io/main/assets/icon/svg/minimize_1.svg"
"mobsp","mobsp.github.io","main","assets/icon/svg","assets/icon/svg/minimize_2.svg","https://mobsp.qzz.io/assets/icon/svg/minimize_2.svg","https://raw.githubusercontent.com/mobsp/mobsp.github.io/main/assets/icon/svg/minimize_2.svg"
"mobsp","mobsp.github.io","main","assets/icon/svg","assets/icon/svg/mobile_1.svg","https://mobsp.qzz.io/assets/icon/svg/mobile_1.svg","https://raw.githubusercontent.com/mobsp/mobsp.github.io/main/assets/icon/svg/mobile_1.svg"
"mobsp","mobsp.github.io","main","assets/icon/svg","assets/icon/svg/mobile_2.svg","https://mobsp.qzz.io/assets/icon/svg/mobile_2.svg","https://raw.githubusercontent.com/mobsp/mobsp.github.io/main/assets/icon/svg/mobile_2.svg"
"mobsp","mobsp.github.io","main","assets/icon/svg","assets/icon/svg/mobile_3.svg","https://mobsp.qzz.io/assets/icon/svg/mobile_3.svg","https://raw.githubusercontent.com/mobsp/mobsp.github.io/main/assets/icon/svg/mobile_3.svg"
"mobsp","mobsp.github.io","main","assets/icon/svg","assets/icon/svg/mobile_4.svg","https://mobsp.qzz.io/assets/icon/svg/mobile_4.svg","https://raw.githubusercontent.com/mobsp/mobsp.github.io/main/assets/icon/svg/mobile_4.svg"
"mobsp","mobsp.github.io","main","assets/icon/svg","assets/icon/svg/monitor.svg","https://mobsp.qzz.io/assets/icon/svg/monitor.svg","https://raw.githubusercontent.com/mobsp/mobsp.github.io/main/assets/icon/svg/monitor.svg"
"mobsp","mobsp.github.io","main","assets/icon/svg","assets/icon/svg/mountain_1.svg","https://mobsp.qzz.io/assets/icon/svg/mountain_1.svg","https://raw.githubusercontent.com/mobsp/mobsp.github.io/main/assets/icon/svg/mountain_1.svg"
"mobsp","mobsp.github.io","main","assets/icon/svg","assets/icon/svg/music_note_1.svg","https://mobsp.qzz.io/assets/icon/svg/music_note_1.svg","https://raw.githubusercontent.com/mobsp/mobsp.github.io/main/assets/icon/svg/music_note_1.svg"
"mobsp","mobsp.github.io","main","assets/icon/svg","assets/icon/svg/no_waiting_sign.svg","https://mobsp.qzz.io/assets/icon/svg/no_waiting_sign.svg","https://raw.githubusercontent.com/mobsp/mobsp.github.io/main/assets/icon/svg/no_waiting_sign.svg"
"mobsp","mobsp.github.io","main","assets/icon/svg","assets/icon/svg/paperplane.svg","https://mobsp.qzz.io/assets/icon/svg/paperplane.svg","https://raw.githubusercontent.com/mobsp/mobsp.github.io/main/assets/icon/svg/paperplane.svg"
"mobsp","mobsp.github.io","main","assets/icon/svg","assets/icon/svg/parking_1.svg","https://mobsp.qzz.io/assets/icon/svg/parking_1.svg","https://raw.githubusercontent.com/mobsp/mobsp.github.io/main/assets/icon/svg/parking_1.svg"
"mobsp","mobsp.github.io","main","assets/icon/svg","assets/icon/svg/pause_1.svg","https://mobsp.qzz.io/assets/icon/svg/pause_1.svg","https://raw.githubusercontent.com/mobsp/mobsp.github.io/main/assets/icon/svg/pause_1.svg"
"mobsp","mobsp.github.io","main","assets/icon/svg","assets/icon/svg/percent.svg","https://mobsp.qzz.io/assets/icon/svg/percent.svg","https://raw.githubusercontent.com/mobsp/mobsp.github.io/main/assets/icon/svg/percent.svg"
"mobsp","mobsp.github.io","main","assets/icon/svg","assets/icon/svg/phone.svg","https://mobsp.qzz.io/assets/icon/svg/phone.svg","https://raw.githubusercontent.com/mobsp/mobsp.github.io/main/assets/icon/svg/phone.svg"
"mobsp","mobsp.github.io","main","assets/icon/svg","assets/icon/svg/play_1.svg","https://mobsp.qzz.io/assets/icon/svg/play_1.svg","https://raw.githubusercontent.com/mobsp/mobsp.github.io/main/assets/icon/svg/play_1.svg"
"mobsp","mobsp.github.io","main","assets/icon/svg","assets/icon/svg/plug_1.svg","https://mobsp.qzz.io/assets/icon/svg/plug_1.svg","https://raw.githubusercontent.com/mobsp/mobsp.github.io/main/assets/icon/svg/plug_1.svg"
"mobsp","mobsp.github.io","main","assets/icon/svg","assets/icon/svg/power.svg","https://mobsp.qzz.io/assets/icon/svg/power.svg","https://raw.githubusercontent.com/mobsp/mobsp.github.io/main/assets/icon/svg/power.svg"
"mobsp","mobsp.github.io","main","assets/icon/svg","assets/icon/svg/rainbow.svg","https://mobsp.qzz.io/assets/icon/svg/rainbow.svg","https://raw.githubusercontent.com/mobsp/mobsp.github.io/main/assets/icon/svg/rainbow.svg"
"mobsp","mobsp.github.io","main","assets/icon/svg","assets/icon/svg/read.svg","https://mobsp.qzz.io/assets/icon/svg/read.svg","https://raw.githubusercontent.com/mobsp/mobsp.github.io/main/assets/icon/svg/read.svg"
"mobsp","mobsp.github.io","main","assets/icon/svg","assets/icon/svg/receipt.svg","https://mobsp.qzz.io/assets/icon/svg/receipt.svg","https://raw.githubusercontent.com/mobsp/mobsp.github.io/main/assets/icon/svg/receipt.svg"
"mobsp","mobsp.github.io","main","assets/icon/svg","assets/icon/svg/redo.svg","https://mobsp.qzz.io/assets/icon/svg/redo.svg","https://raw.githubusercontent.com/mobsp/mobsp.github.io/main/assets/icon/svg/redo.svg"
"mobsp","mobsp.github.io","main","assets/icon/svg","assets/icon/svg/repeat.svg","https://mobsp.qzz.io/assets/icon/svg/repeat.svg","https://raw.githubusercontent.com/mobsp/mobsp.github.io/main/assets/icon/svg/repeat.svg"
"mobsp","mobsp.github.io","main","assets/icon/svg","assets/icon/svg/route.svg","https://mobsp.qzz.io/assets/icon/svg/route.svg","https://raw.githubusercontent.com/mobsp/mobsp.github.io/main/assets/icon/svg/route.svg"
"mobsp","mobsp.github.io","main","assets/icon/svg","assets/icon/svg/save_down_1.svg","https://mobsp.qzz.io/assets/icon/svg/save_down_1.svg","https://raw.githubusercontent.com/mobsp/mobsp.github.io/main/assets/icon/svg/save_down_1.svg"
"mobsp","mobsp.github.io","main","assets/icon/svg","assets/icon/svg/save_down_2.svg","https://mobsp.qzz.io/assets/icon/svg/save_down_2.svg","https://raw.githubusercontent.com/mobsp/mobsp.github.io/main/assets/icon/svg/save_down_2.svg"
"mobsp","mobsp.github.io","main","assets/icon/svg","assets/icon/svg/save_up_1.svg","https://mobsp.qzz.io/assets/icon/svg/save_up_1.svg","https://raw.githubusercontent.com/mobsp/mobsp.github.io/main/assets/icon/svg/save_up_1.svg"
"mobsp","mobsp.github.io","main","assets/icon/svg","assets/icon/svg/save_up_2.svg","https://mobsp.qzz.io/assets/icon/svg/save_up_2.svg","https://raw.githubusercontent.com/mobsp/mobsp.github.io/main/assets/icon/svg/save_up_2.svg"
"mobsp","mobsp.github.io","main","assets/icon/svg","assets/icon/svg/search.svg","https://mobsp.qzz.io/assets/icon/svg/search.svg","https://raw.githubusercontent.com/mobsp/mobsp.github.io/main/assets/icon/svg/search.svg"
"mobsp","mobsp.github.io","main","assets/icon/svg","assets/icon/svg/server.svg","https://mobsp.qzz.io/assets/icon/svg/server.svg","https://raw.githubusercontent.com/mobsp/mobsp.github.io/main/assets/icon/svg/server.svg"
"mobsp","mobsp.github.io","main","assets/icon/svg","assets/icon/svg/settings.svg","https://mobsp.qzz.io/assets/icon/svg/settings.svg","https://raw.githubusercontent.com/mobsp/mobsp.github.io/main/assets/icon/svg/settings.svg"
"mobsp","mobsp.github.io","main","assets/icon/svg","assets/icon/svg/share_1.svg","https://mobsp.qzz.io/assets/icon/svg/share_1.svg","https://raw.githubusercontent.com/mobsp/mobsp.github.io/main/assets/icon/svg/share_1.svg"
"mobsp","mobsp.github.io","main","assets/icon/svg","assets/icon/svg/share_2.svg","https://mobsp.qzz.io/assets/icon/svg/share_2.svg","https://raw.githubusercontent.com/mobsp/mobsp.github.io/main/assets/icon/svg/share_2.svg"
"mobsp","mobsp.github.io","main","assets/icon/svg","assets/icon/svg/shopping_tag.svg","https://mobsp.qzz.io/assets/icon/svg/shopping_tag.svg","https://raw.githubusercontent.com/mobsp/mobsp.github.io/main/assets/icon/svg/shopping_tag.svg"
"mobsp","mobsp.github.io","main","assets/icon/svg","assets/icon/svg/shuffle.svg","https://mobsp.qzz.io/assets/icon/svg/shuffle.svg","https://raw.githubusercontent.com/mobsp/mobsp.github.io/main/assets/icon/svg/shuffle.svg"
"mobsp","mobsp.github.io","main","assets/icon/svg","assets/icon/svg/signpost_duo_1.svg","https://mobsp.qzz.io/assets/icon/svg/signpost_duo_1.svg","https://raw.githubusercontent.com/mobsp/mobsp.github.io/main/assets/icon/svg/signpost_duo_1.svg"
"mobsp","mobsp.github.io","main","assets/icon/svg","assets/icon/svg/signpost_l_1.svg","https://mobsp.qzz.io/assets/icon/svg/signpost_l_1.svg","https://raw.githubusercontent.com/mobsp/mobsp.github.io/main/assets/icon/svg/signpost_l_1.svg"
"mobsp","mobsp.github.io","main","assets/icon/svg","assets/icon/svg/signpost_r_1.svg","https://mobsp.qzz.io/assets/icon/svg/signpost_r_1.svg","https://raw.githubusercontent.com/mobsp/mobsp.github.io/main/assets/icon/svg/signpost_r_1.svg"
"mobsp","mobsp.github.io","main","assets/icon/svg","assets/icon/svg/slider_horizontal.svg","https://mobsp.qzz.io/assets/icon/svg/slider_horizontal.svg","https://raw.githubusercontent.com/mobsp/mobsp.github.io/main/assets/icon/svg/slider_horizontal.svg"
"mobsp","mobsp.github.io","main","assets/icon/svg","assets/icon/svg/slider_vertical.svg","https://mobsp.qzz.io/assets/icon/svg/slider_vertical.svg","https://raw.githubusercontent.com/mobsp/mobsp.github.io/main/assets/icon/svg/slider_vertical.svg"
"mobsp","mobsp.github.io","main","assets/icon/svg","assets/icon/svg/speaker.svg","https://mobsp.qzz.io/assets/icon/svg/speaker.svg","https://raw.githubusercontent.com/mobsp/mobsp.github.io/main/assets/icon/svg/speaker.svg"
"mobsp","mobsp.github.io","main","assets/icon/svg","assets/icon/svg/square_alert.svg","https://mobsp.qzz.io/assets/icon/svg/square_alert.svg","https://raw.githubusercontent.com/mobsp/mobsp.github.io/main/assets/icon/svg/square_alert.svg"
"mobsp","mobsp.github.io","main","assets/icon/svg","assets/icon/svg/square_check.svg","https://mobsp.qzz.io/assets/icon/svg/square_check.svg","https://raw.githubusercontent.com/mobsp/mobsp.github.io/main/assets/icon/svg/square_check.svg"
"mobsp","mobsp.github.io","main","assets/icon/svg","assets/icon/svg/square_chev_down.svg","https://mobsp.qzz.io/assets/icon/svg/square_chev_down.svg","https://raw.githubusercontent.com/mobsp/mobsp.github.io/main/assets/icon/svg/square_chev_down.svg"
"mobsp","mobsp.github.io","main","assets/icon/svg","assets/icon/svg/square_chev_left.svg","https://mobsp.qzz.io/assets/icon/svg/square_chev_left.svg","https://raw.githubusercontent.com/mobsp/mobsp.github.io/main/assets/icon/svg/square_chev_left.svg"
"mobsp","mobsp.github.io","main","assets/icon/svg","assets/icon/svg/square_chev_right.svg","https://mobsp.qzz.io/assets/icon/svg/square_chev_right.svg","https://raw.githubusercontent.com/mobsp/mobsp.github.io/main/assets/icon/svg/square_chev_right.svg"
"mobsp","mobsp.github.io","main","assets/icon/svg","assets/icon/svg/square_chev_up.svg","https://mobsp.qzz.io/assets/icon/svg/square_chev_up.svg","https://raw.githubusercontent.com/mobsp/mobsp.github.io/main/assets/icon/svg/square_chev_up.svg"
"mobsp","mobsp.github.io","main","assets/icon/svg","assets/icon/svg/square_info.svg","https://mobsp.qzz.io/assets/icon/svg/square_info.svg","https://raw.githubusercontent.com/mobsp/mobsp.github.io/main/assets/icon/svg/square_info.svg"
"mobsp","mobsp.github.io","main","assets/icon/svg","assets/icon/svg/square_minus.svg","https://mobsp.qzz.io/assets/icon/svg/square_minus.svg","https://raw.githubusercontent.com/mobsp/mobsp.github.io/main/assets/icon/svg/square_minus.svg"
"mobsp","mobsp.github.io","main","assets/icon/svg","assets/icon/svg/square_more.svg","https://mobsp.qzz.io/assets/icon/svg/square_more.svg","https://raw.githubusercontent.com/mobsp/mobsp.github.io/main/assets/icon/svg/square_more.svg"
"mobsp","mobsp.github.io","main","assets/icon/svg","assets/icon/svg/square_plus.svg","https://mobsp.qzz.io/assets/icon/svg/square_plus.svg","https://raw.githubusercontent.com/mobsp/mobsp.github.io/main/assets/icon/svg/square_plus.svg"
"mobsp","mobsp.github.io","main","assets/icon/svg","assets/icon/svg/square_question.svg","https://mobsp.qzz.io/assets/icon/svg/square_question.svg","https://raw.githubusercontent.com/mobsp/mobsp.github.io/main/assets/icon/svg/square_question.svg"
"mobsp","mobsp.github.io","main","assets/icon/svg","assets/icon/svg/square_remove.svg","https://mobsp.qzz.io/assets/icon/svg/square_remove.svg","https://raw.githubusercontent.com/mobsp/mobsp.github.io/main/assets/icon/svg/square_remove.svg"
"mobsp","mobsp.github.io","main","assets/icon/svg","assets/icon/svg/star.svg","https://mobsp.qzz.io/assets/icon/svg/star.svg","https://raw.githubusercontent.com/mobsp/mobsp.github.io/main/assets/icon/svg/star.svg"
"mobsp","mobsp.github.io","main","assets/icon/svg","assets/icon/svg/sticky_note.svg","https://mobsp.qzz.io/assets/icon/svg/sticky_note.svg","https://raw.githubusercontent.com/mobsp/mobsp.github.io/main/assets/icon/svg/sticky_note.svg"
"mobsp","mobsp.github.io","main","assets/icon/svg","assets/icon/svg/stop_1.svg","https://mobsp.qzz.io/assets/icon/svg/stop_1.svg","https://raw.githubusercontent.com/mobsp/mobsp.github.io/main/assets/icon/svg/stop_1.svg"
"mobsp","mobsp.github.io","main","assets/icon/svg","assets/icon/svg/stop_sign_1.svg","https://mobsp.qzz.io/assets/icon/svg/stop_sign_1.svg","https://raw.githubusercontent.com/mobsp/mobsp.github.io/main/assets/icon/svg/stop_sign_1.svg"
"mobsp","mobsp.github.io","main","assets/icon/svg","assets/icon/svg/sun.svg","https://mobsp.qzz.io/assets/icon/svg/sun.svg","https://raw.githubusercontent.com/mobsp/mobsp.github.io/main/assets/icon/svg/sun.svg"
"mobsp","mobsp.github.io","main","assets/icon/svg","assets/icon/svg/text.svg","https://mobsp.qzz.io/assets/icon/svg/text.svg","https://raw.githubusercontent.com/mobsp/mobsp.github.io/main/assets/icon/svg/text.svg"
"mobsp","mobsp.github.io","main","assets/icon/svg","assets/icon/svg/timer.svg","https://mobsp.qzz.io/assets/icon/svg/timer.svg","https://raw.githubusercontent.com/mobsp/mobsp.github.io/main/assets/icon/svg/timer.svg"
"mobsp","mobsp.github.io","main","assets/icon/svg","assets/icon/svg/trash.svg","https://mobsp.qzz.io/assets/icon/svg/trash.svg","https://raw.githubusercontent.com/mobsp/mobsp.github.io/main/assets/icon/svg/trash.svg"
"mobsp","mobsp.github.io","main","assets/icon/svg","assets/icon/svg/twitter.svg","https://mobsp.qzz.io/assets/icon/svg/twitter.svg","https://raw.githubusercontent.com/mobsp/mobsp.github.io/main/assets/icon/svg/twitter.svg"
"mobsp","mobsp.github.io","main","assets/icon/svg","assets/icon/svg/undo.svg","https://mobsp.qzz.io/assets/icon/svg/undo.svg","https://raw.githubusercontent.com/mobsp/mobsp.github.io/main/assets/icon/svg/undo.svg"
"mobsp","mobsp.github.io","main","assets/icon/svg","assets/icon/svg/unlock.svg","https://mobsp.qzz.io/assets/icon/svg/unlock.svg","https://raw.githubusercontent.com/mobsp/mobsp.github.io/main/assets/icon/svg/unlock.svg"
"mobsp","mobsp.github.io","main","assets/icon/svg","assets/icon/svg/unread.svg","https://mobsp.qzz.io/assets/icon/svg/unread.svg","https://raw.githubusercontent.com/mobsp/mobsp.github.io/main/assets/icon/svg/unread.svg"
"mobsp","mobsp.github.io","main","assets/icon/svg","assets/icon/svg/user.svg","https://mobsp.qzz.io/assets/icon/svg/user.svg","https://raw.githubusercontent.com/mobsp/mobsp.github.io/main/assets/icon/svg/user.svg"
"mobsp","mobsp.github.io","main","assets/icon/svg","assets/icon/svg/video_off.svg","https://mobsp.qzz.io/assets/icon/svg/video_off.svg","https://raw.githubusercontent.com/mobsp/mobsp.github.io/main/assets/icon/svg/video_off.svg"
"mobsp","mobsp.github.io","main","assets/icon/svg","assets/icon/svg/video_on.svg","https://mobsp.qzz.io/assets/icon/svg/video_on.svg","https://raw.githubusercontent.com/mobsp/mobsp.github.io/main/assets/icon/svg/video_on.svg"
"mobsp","mobsp.github.io","main","assets/icon/svg","assets/icon/svg/view_board.svg","https://mobsp.qzz.io/assets/icon/svg/view_board.svg","https://raw.githubusercontent.com/mobsp/mobsp.github.io/main/assets/icon/svg/view_board.svg"
"mobsp","mobsp.github.io","main","assets/icon/svg","assets/icon/svg/view_column.svg","https://mobsp.qzz.io/assets/icon/svg/view_column.svg","https://raw.githubusercontent.com/mobsp/mobsp.github.io/main/assets/icon/svg/view_column.svg"
"mobsp","mobsp.github.io","main","assets/icon/svg","assets/icon/svg/view_list.svg","https://mobsp.qzz.io/assets/icon/svg/view_list.svg","https://raw.githubusercontent.com/mobsp/mobsp.github.io/main/assets/icon/svg/view_list.svg"
"mobsp","mobsp.github.io","main","assets/icon/svg","assets/icon/svg/view_table.svg","https://mobsp.qzz.io/assets/icon/svg/view_table.svg","https://raw.githubusercontent.com/mobsp/mobsp.github.io/main/assets/icon/svg/view_table.svg"
"mobsp","mobsp.github.io","main","assets/icon/svg","assets/icon/svg/view_timeline.svg","https://mobsp.qzz.io/assets/icon/svg/view_timeline.svg","https://raw.githubusercontent.com/mobsp/mobsp.github.io/main/assets/icon/svg/view_timeline.svg"
"mobsp","mobsp.github.io","main","assets/icon/svg","assets/icon/svg/volume.svg","https://mobsp.qzz.io/assets/icon/svg/volume.svg","https://raw.githubusercontent.com/mobsp/mobsp.github.io/main/assets/icon/svg/volume.svg"
"mobsp","mobsp.github.io","main","assets/icon/svg","assets/icon/svg/volume_high.svg","https://mobsp.qzz.io/assets/icon/svg/volume_high.svg","https://raw.githubusercontent.com/mobsp/mobsp.github.io/main/assets/icon/svg/volume_high.svg"
"mobsp","mobsp.github.io","main","assets/icon/svg","assets/icon/svg/volume_mute.svg","https://mobsp.qzz.io/assets/icon/svg/volume_mute.svg","https://raw.githubusercontent.com/mobsp/mobsp.github.io/main/assets/icon/svg/volume_mute.svg"
"mobsp","mobsp.github.io","main","assets/icon/svg","assets/icon/svg/warning.svg","https://mobsp.qzz.io/assets/icon/svg/warning.svg","https://raw.githubusercontent.com/mobsp/mobsp.github.io/main/assets/icon/svg/warning.svg"
"mobsp","mobsp.github.io","main","assets/icon/svg","assets/icon/svg/wave_pulse_1.svg","https://mobsp.qzz.io/assets/icon/svg/wave_pulse_1.svg","https://raw.githubusercontent.com/mobsp/mobsp.github.io/main/assets/icon/svg/wave_pulse_1.svg"
"mobsp","mobsp.github.io","main","assets/icon/svg","assets/icon/svg/youtube.svg","https://mobsp.qzz.io/assets/icon/svg/youtube.svg","https://raw.githubusercontent.com/mobsp/mobsp.github.io/main/assets/icon/svg/youtube.svg"
"mobsp","mobsp.github.io","main","assets/icon/svg","assets/icon/svg/zoom_in.svg","https://mobsp.qzz.io/assets/icon/svg/zoom_in.svg","https://raw.githubusercontent.com/mobsp/mobsp.github.io/main/assets/icon/svg/zoom_in.svg"
"mobsp","mobsp.github.io","main","assets/icon/svg","assets/icon/svg/zoom_out.svg","https://mobsp.qzz.io/assets/icon/svg/zoom_out.svg","https://raw.githubusercontent.com/mobsp/mobsp.github.io/main/assets/icon/svg/zoom_out.svg"
"mobsp","mobsp.github.io","main","assets/icon/viewer","assets/icon/viewer/index.html","https://mobsp.qzz.io/assets/icon/viewer/index.html","https://raw.githubusercontent.com/mobsp/mobsp.github.io/main/assets/icon/viewer/index.html"
"mobsp","mobsp.github.io","main","ROOT","auto-index.py","https://mobsp.qzz.io/auto-index.py","https://raw.githubusercontent.com/mobsp/mobsp.github.io/main/auto-index.py"
"mobsp","mobsp.github.io","main","beta","beta/README.md","https://mobsp.qzz.io/beta/README.md","https://raw.githubusercontent.com/mobsp/mobsp.github.io/main/beta/README.md"
"mobsp","mobsp.github.io","main","beta","beta/index.html","https://mobsp.qzz.io/beta/index.html","https://raw.githubusercontent.com/mobsp/mobsp.github.io/main/beta/index.html"
"mobsp","mobsp.github.io","main","beta/mod","beta/mod/bottom-nav.js","https://mobsp.qzz.io/beta/mod/bottom-nav.js","https://raw.githubusercontent.com/mobsp/mobsp.github.io/main/beta/mod/bottom-nav.js"
"mobsp","mobsp.github.io","main","beta/mod","beta/mod/brand-layout.js","https://mobsp.qzz.io/beta/mod/brand-layout.js","https://raw.githubusercontent.com/mobsp/mobsp.github.io/main/beta/mod/brand-layout.js"
"mobsp","mobsp.github.io","main","beta/mod","beta/mod/footer-sys.js","https://mobsp.qzz.io/beta/mod/footer-sys.js","https://raw.githubusercontent.com/mobsp/mobsp.github.io/main/beta/mod/footer-sys.js"
"mobsp","mobsp.github.io","main","beta/mod","beta/mod/notice-sync.js","https://mobsp.qzz.io/beta/mod/notice-sync.js","https://raw.githubusercontent.com/mobsp/mobsp.github.io/main/beta/mod/notice-sync.js"
"mobsp","mobsp.github.io","main","beta/mod","beta/mod/splash-screen.js","https://mobsp.qzz.io/beta/mod/splash-screen.js","https://raw.githubusercontent.com/mobsp/mobsp.github.io/main/beta/mod/splash-screen.js"
"mobsp","mobsp.github.io","main","beta/mod","beta/mod/theme-engine.js","https://mobsp.qzz.io/beta/mod/theme-engine.js","https://raw.githubusercontent.com/mobsp/mobsp.github.io/main/beta/mod/theme-engine.js"
"mobsp","mobsp.github.io","main","beta","beta/test.html","https://mobsp.qzz.io/beta/test.html","https://raw.githubusercontent.com/mobsp/mobsp.github.io/main/beta/test.html"
"mobsp","mobsp.github.io","main","beta","beta/test1.html","https://mobsp.qzz.io/beta/test1.html","https://raw.githubusercontent.com/mobsp/mobsp.github.io/main/beta/test1.html"
"mobsp","mobsp.github.io","main","beta","beta/test2.html","https://mobsp.qzz.io/beta/test2.html","https://raw.githubusercontent.com/mobsp/mobsp.github.io/main/beta/test2.html"
"mobsp","mobsp.github.io","main","beta","beta/test3.html","https://mobsp.qzz.io/beta/test3.html","https://raw.githubusercontent.com/mobsp/mobsp.github.io/main/beta/test3.html"
"mobsp","mobsp.github.io","main","beta","beta/test4.html","https://mobsp.qzz.io/beta/test4.html","https://raw.githubusercontent.com/mobsp/mobsp.github.io/main/beta/test4.html"
"mobsp","mobsp.github.io","main","blog","blog/README.md","https://mobsp.qzz.io/blog/README.md","https://raw.githubusercontent.com/mobsp/mobsp.github.io/main/blog/README.md"
"mobsp","mobsp.github.io","main","blog","blog/index.html","https://mobsp.qzz.io/blog/index.html","https://raw.githubusercontent.com/mobsp/mobsp.github.io/main/blog/index.html"
"mobsp","mobsp.github.io","main","blog/p/list","blog/p/list/content_placeholder.md","https://mobsp.qzz.io/blog/p/list/content_placeholder.md","https://raw.githubusercontent.com/mobsp/mobsp.github.io/main/blog/p/list/content_placeholder.md"
"mobsp","mobsp.github.io","main","blog/p/list","blog/p/list/github-pages-註冊.html","https://mobsp.qzz.io/blog/p/list/github-pages-註冊.html","https://raw.githubusercontent.com/mobsp/mobsp.github.io/main/blog/p/list/github-pages-註冊.html"
"mobsp","mobsp.github.io","main","blog/p/list","blog/p/list/theme.html","https://mobsp.qzz.io/blog/p/list/theme.html","https://raw.githubusercontent.com/mobsp/mobsp.github.io/main/blog/p/list/theme.html"
"mobsp","mobsp.github.io","main","blog/p/list","blog/p/list/公公操兒媳.html","https://mobsp.qzz.io/blog/p/list/公公操兒媳.html","https://raw.githubusercontent.com/mobsp/mobsp.github.io/main/blog/p/list/公公操兒媳.html"
"mobsp","mobsp.github.io","main","blog/p/list","blog/p/list/公公與媳婦.html","https://mobsp.qzz.io/blog/p/list/公公與媳婦.html","https://raw.githubusercontent.com/mobsp/mobsp.github.io/main/blog/p/list/公公與媳婦.html"
"mobsp","mobsp.github.io","main","blog/p/list","blog/p/list/大嫂與二哥.html","https://mobsp.qzz.io/blog/p/list/大嫂與二哥.html","https://raw.githubusercontent.com/mobsp/mobsp.github.io/main/blog/p/list/大嫂與二哥.html"
"mobsp","mobsp.github.io","main","blog/p/list","blog/p/list/小姨子的肛門.html","https://mobsp.qzz.io/blog/p/list/小姨子的肛門.html","https://raw.githubusercontent.com/mobsp/mobsp.github.io/main/blog/p/list/小姨子的肛門.html"
"mobsp","mobsp.github.io","main","blog/p/list","blog/p/list/強姦媽媽直到懷孕為止.html","https://mobsp.qzz.io/blog/p/list/強姦媽媽直到懷孕為止.html","https://raw.githubusercontent.com/mobsp/mobsp.github.io/main/blog/p/list/強姦媽媽直到懷孕為止.html"
"mobsp","mobsp.github.io","main","blog/p/list","blog/p/list/操姐姐的菊穴.html","https://mobsp.qzz.io/blog/p/list/操姐姐的菊穴.html","https://raw.githubusercontent.com/mobsp/mobsp.github.io/main/blog/p/list/操姐姐的菊穴.html"
"mobsp","mobsp.github.io","main","blog/p/list","blog/p/list/母姦致孕計劃.html","https://mobsp.qzz.io/blog/p/list/母姦致孕計劃.html","https://raw.githubusercontent.com/mobsp/mobsp.github.io/main/blog/p/list/母姦致孕計劃.html"
"mobsp","mobsp.github.io","main","blog/p/list","blog/p/list/與大姐的背德關係.html","https://mobsp.qzz.io/blog/p/list/與大姐的背德關係.html","https://raw.githubusercontent.com/mobsp/mobsp.github.io/main/blog/p/list/與大姐的背德關係.html"
"mobsp","mobsp.github.io","main","blog/p/list","blog/p/list/阿姨的菊穴.html","https://mobsp.qzz.io/blog/p/list/阿姨的菊穴.html","https://raw.githubusercontent.com/mobsp/mobsp.github.io/main/blog/p/list/阿姨的菊穴.html"
"mobsp","mobsp.github.io","main","blog/p/list","blog/p/list/風月文學網  10.html","https://mobsp.qzz.io/blog/p/list/風月文學網  10.html","https://raw.githubusercontent.com/mobsp/mobsp.github.io/main/blog/p/list/風月文學網  10.html"
"mobsp","mobsp.github.io","main","blog/p/list","blog/p/list/風月文學網  11.html","https://mobsp.qzz.io/blog/p/list/風月文學網  11.html","https://raw.githubusercontent.com/mobsp/mobsp.github.io/main/blog/p/list/風月文學網  11.html"
"mobsp","mobsp.github.io","main","blog/p/list","blog/p/list/風月文學網  12.html","https://mobsp.qzz.io/blog/p/list/風月文學網  12.html","https://raw.githubusercontent.com/mobsp/mobsp.github.io/main/blog/p/list/風月文學網  12.html"
"mobsp","mobsp.github.io","main","blog/p/list","blog/p/list/風月文學網  13.html","https://mobsp.qzz.io/blog/p/list/風月文學網  13.html","https://raw.githubusercontent.com/mobsp/mobsp.github.io/main/blog/p/list/風月文學網  13.html"
"mobsp","mobsp.github.io","main","blog/p/list","blog/p/list/風月文學網  14.html","https://mobsp.qzz.io/blog/p/list/風月文學網  14.html","https://raw.githubusercontent.com/mobsp/mobsp.github.io/main/blog/p/list/風月文學網  14.html"
"mobsp","mobsp.github.io","main","blog/p/list","blog/p/list/風月文學網  15.html","https://mobsp.qzz.io/blog/p/list/風月文學網  15.html","https://raw.githubusercontent.com/mobsp/mobsp.github.io/main/blog/p/list/風月文學網  15.html"
"mobsp","mobsp.github.io","main","blog/p/list","blog/p/list/風月文學網  16.html","https://mobsp.qzz.io/blog/p/list/風月文學網  16.html","https://raw.githubusercontent.com/mobsp/mobsp.github.io/main/blog/p/list/風月文學網  16.html"
"mobsp","mobsp.github.io","main","blog/p/list","blog/p/list/風月文學網  17.html","https://mobsp.qzz.io/blog/p/list/風月文學網  17.html","https://raw.githubusercontent.com/mobsp/mobsp.github.io/main/blog/p/list/風月文學網  17.html"
"mobsp","mobsp.github.io","main","blog/p/list","blog/p/list/風月文學網  18.html","https://mobsp.qzz.io/blog/p/list/風月文學網  18.html","https://raw.githubusercontent.com/mobsp/mobsp.github.io/main/blog/p/list/風月文學網  18.html"
"mobsp","mobsp.github.io","main","blog/p/list","blog/p/list/風月文學網  19.html","https://mobsp.qzz.io/blog/p/list/風月文學網  19.html","https://raw.githubusercontent.com/mobsp/mobsp.github.io/main/blog/p/list/風月文學網  19.html"
"mobsp","mobsp.github.io","main","blog/p/list","blog/p/list/風月文學網  2.html","https://mobsp.qzz.io/blog/p/list/風月文學網  2.html","https://raw.githubusercontent.com/mobsp/mobsp.github.io/main/blog/p/list/風月文學網  2.html"
"mobsp","mobsp.github.io","main","blog/p/list","blog/p/list/風月文學網  20.html","https://mobsp.qzz.io/blog/p/list/風月文學網  20.html","https://raw.githubusercontent.com/mobsp/mobsp.github.io/main/blog/p/list/風月文學網  20.html"
"mobsp","mobsp.github.io","main","blog/p/list","blog/p/list/風月文學網  21.html","https://mobsp.qzz.io/blog/p/list/風月文學網  21.html","https://raw.githubusercontent.com/mobsp/mobsp.github.io/main/blog/p/list/風月文學網  21.html"
"mobsp","mobsp.github.io","main","blog/p/list","blog/p/list/風月文學網  22.html","https://mobsp.qzz.io/blog/p/list/風月文學網  22.html","https://raw.githubusercontent.com/mobsp/mobsp.github.io/main/blog/p/list/風月文學網  22.html"
"mobsp","mobsp.github.io","main","blog/p/list","blog/p/list/風月文學網  23.html","https://mobsp.qzz.io/blog/p/list/風月文學網  23.html","https://raw.githubusercontent.com/mobsp/mobsp.github.io/main/blog/p/list/風月文學網  23.html"
"mobsp","mobsp.github.io","main","blog/p/list","blog/p/list/風月文學網  24.html","https://mobsp.qzz.io/blog/p/list/風月文學網  24.html","https://raw.githubusercontent.com/mobsp/mobsp.github.io/main/blog/p/list/風月文學網  24.html"
"mobsp","mobsp.github.io","main","blog/p/list","blog/p/list/風月文學網  25.html","https://mobsp.qzz.io/blog/p/list/風月文學網  25.html","https://raw.githubusercontent.com/mobsp/mobsp.github.io/main/blog/p/list/風月文學網  25.html"
"mobsp","mobsp.github.io","main","blog/p/list","blog/p/list/風月文學網  3.html","https://mobsp.qzz.io/blog/p/list/風月文學網  3.html","https://raw.githubusercontent.com/mobsp/mobsp.github.io/main/blog/p/list/風月文學網  3.html"
"mobsp","mobsp.github.io","main","blog/p/list","blog/p/list/風月文學網  4.html","https://mobsp.qzz.io/blog/p/list/風月文學網  4.html","https://raw.githubusercontent.com/mobsp/mobsp.github.io/main/blog/p/list/風月文學網  4.html"
"mobsp","mobsp.github.io","main","blog/p/list","blog/p/list/風月文學網  6.html","https://mobsp.qzz.io/blog/p/list/風月文學網  6.html","https://raw.githubusercontent.com/mobsp/mobsp.github.io/main/blog/p/list/風月文學網  6.html"
"mobsp","mobsp.github.io","main","blog/p/list","blog/p/list/風月文學網  7.html","https://mobsp.qzz.io/blog/p/list/風月文學網  7.html","https://raw.githubusercontent.com/mobsp/mobsp.github.io/main/blog/p/list/風月文學網  7.html"
"mobsp","mobsp.github.io","main","blog/p/list","blog/p/list/風月文學網  8.html","https://mobsp.qzz.io/blog/p/list/風月文學網  8.html","https://raw.githubusercontent.com/mobsp/mobsp.github.io/main/blog/p/list/風月文學網  8.html"
"mobsp","mobsp.github.io","main","blog/p/list","blog/p/list/風月文學網  9.html","https://mobsp.qzz.io/blog/p/list/風月文學網  9.html","https://raw.githubusercontent.com/mobsp/mobsp.github.io/main/blog/p/list/風月文學網  9.html"
"mobsp","mobsp.github.io","main","blog/p/list","blog/p/list/風月文學網 .html","https://mobsp.qzz.io/blog/p/list/風月文學網 .html","https://raw.githubusercontent.com/mobsp/mobsp.github.io/main/blog/p/list/風月文學網 .html"
"mobsp","mobsp.github.io","main","blog/p/list","blog/p/list/風月文學網3 2.html","https://mobsp.qzz.io/blog/p/list/風月文學網3 2.html","https://raw.githubusercontent.com/mobsp/mobsp.github.io/main/blog/p/list/風月文學網3 2.html"
"mobsp","mobsp.github.io","main","blog/p/list","blog/p/list/風月文學網3 3.html","https://mobsp.qzz.io/blog/p/list/風月文學網3 3.html","https://raw.githubusercontent.com/mobsp/mobsp.github.io/main/blog/p/list/風月文學網3 3.html"
"mobsp","mobsp.github.io","main","blog/p/list","blog/p/list/風月文學網3.html","https://mobsp.qzz.io/blog/p/list/風月文學網3.html","https://raw.githubusercontent.com/mobsp/mobsp.github.io/main/blog/p/list/風月文學網3.html"
"mobsp","mobsp.github.io","main","data","data/config.json","https://mobsp.qzz.io/data/config.json","https://raw.githubusercontent.com/mobsp/mobsp.github.io/main/data/config.json"
"mobsp","mobsp.github.io","main","data","data/editor_config.json","https://mobsp.qzz.io/data/editor_config.json","https://raw.githubusercontent.com/mobsp/mobsp.github.io/main/data/editor_config.json"
"mobsp","mobsp.github.io","main","data","data/notice.md","https://mobsp.qzz.io/data/notice.md","https://raw.githubusercontent.com/mobsp/mobsp.github.io/main/data/notice.md"
"mobsp","mobsp.github.io","main","data","data/style.css","https://mobsp.qzz.io/data/style.css","https://raw.githubusercontent.com/mobsp/mobsp.github.io/main/data/style.css"
"mobsp","mobsp.github.io","main","data","data/svg.json","https://mobsp.qzz.io/data/svg.json","https://raw.githubusercontent.com/mobsp/mobsp.github.io/main/data/svg.json"
"mobsp","mobsp.github.io","main","data","data/wiki-info.json","https://mobsp.qzz.io/data/wiki-info.json","https://raw.githubusercontent.com/mobsp/mobsp.github.io/main/data/wiki-info.json"
"mobsp","mobsp.github.io","main","ROOT","generate-index.js","https://mobsp.qzz.io/generate-index.js","https://raw.githubusercontent.com/mobsp/mobsp.github.io/main/generate-index.js"
"mobsp","mobsp.github.io","main","ROOT","index.html","https://mobsp.qzz.io/index.html","https://raw.githubusercontent.com/mobsp/mobsp.github.io/main/index.html"
"mobsp","mobsp.github.io","main","ROOT","manifest.json","https://mobsp.qzz.io/manifest.json","https://raw.githubusercontent.com/mobsp/mobsp.github.io/main/manifest.json"
"mobsp","mobsp.github.io","main","setting","setting/index.html","https://mobsp.qzz.io/setting/index.html","https://raw.githubusercontent.com/mobsp/mobsp.github.io/main/setting/index.html"
"mobsp","mobsp.github.io","main","shorts","shorts/index.html","https://mobsp.qzz.io/shorts/index.html","https://raw.githubusercontent.com/mobsp/mobsp.github.io/main/shorts/index.html"
"mobsp","mobsp.github.io","main","ROOT","sitemap.xml","https://mobsp.qzz.io/sitemap.xml","https://raw.githubusercontent.com/mobsp/mobsp.github.io/main/sitemap.xml"
"mobsp","mobsp.github.io","main","svg-editor","svg-editor/index.html","https://mobsp.qzz.io/svg-editor/index.html","https://raw.githubusercontent.com/mobsp/mobsp.github.io/main/svg-editor/index.html"
"mobsp","mobsp.github.io","main","ROOT","sync_scanner.py","https://mobsp.qzz.io/sync_scanner.py","https://raw.githubusercontent.com/mobsp/mobsp.github.io/main/sync_scanner.py"
"mobsp","mobsp.github.io","main","tol/Editor","tol/Editor/index.html","https://mobsp.qzz.io/tol/Editor/index.html","https://raw.githubusercontent.com/mobsp/mobsp.github.io/main/tol/Editor/index.html"
"mobsp","mobsp.github.io","main","tol","tol/README.md","https://mobsp.qzz.io/tol/README.md","https://raw.githubusercontent.com/mobsp/mobsp.github.io/main/tol/README.md"
"mobsp","mobsp.github.io","main","tol/convert","tol/convert/index.html","https://mobsp.qzz.io/tol/convert/index.html","https://raw.githubusercontent.com/mobsp/mobsp.github.io/main/tol/convert/index.html"
"mobsp","mobsp.github.io","main","tol","tol/data.json","https://mobsp.qzz.io/tol/data.json","https://raw.githubusercontent.com/mobsp/mobsp.github.io/main/tol/data.json"
"mobsp","mobsp.github.io","main","tol/editot","tol/editot/index.html","https://mobsp.qzz.io/tol/editot/index.html","https://raw.githubusercontent.com/mobsp/mobsp.github.io/main/tol/editot/index.html"
"mobsp","mobsp.github.io","main","tol/gh-idx","tol/gh-idx/index.html","https://mobsp.qzz.io/tol/gh-idx/index.html","https://raw.githubusercontent.com/mobsp/mobsp.github.io/main/tol/gh-idx/index.html"
"mobsp","mobsp.github.io","main","tol","tol/index.html","https://mobsp.qzz.io/tol/index.html","https://raw.githubusercontent.com/mobsp/mobsp.github.io/main/tol/index.html"
"mobsp","mobsp.github.io","main","tol/k-zero","tol/k-zero/index.html","https://mobsp.qzz.io/tol/k-zero/index.html","https://raw.githubusercontent.com/mobsp/mobsp.github.io/main/tol/k-zero/index.html"
"mobsp","mobsp.github.io","main","tol/keep","tol/keep/index.html","https://mobsp.qzz.io/tol/keep/index.html","https://raw.githubusercontent.com/mobsp/mobsp.github.io/main/tol/keep/index.html"
"mobsp","mobsp.github.io","main","tol/lab","tol/lab/index.html","https://mobsp.qzz.io/tol/lab/index.html","https://raw.githubusercontent.com/mobsp/mobsp.github.io/main/tol/lab/index.html"
"mobsp","mobsp.github.io","main","tol/publisher","tol/publisher/index.html","https://mobsp.qzz.io/tol/publisher/index.html","https://raw.githubusercontent.com/mobsp/mobsp.github.io/main/tol/publisher/index.html"
"mobsp","mobsp.github.io","main","tol","tol/rss-generator.html","https://mobsp.qzz.io/tol/rss-generator.html","https://raw.githubusercontent.com/mobsp/mobsp.github.io/main/tol/rss-generator.html"
"mobsp","mobsp.github.io","main","tol/tourl","tol/tourl/index.html","https://mobsp.qzz.io/tol/tourl/index.html","https://raw.githubusercontent.com/mobsp/mobsp.github.io/main/tol/tourl/index.html"
"mobsp","mobsp.github.io","main","tol/ve","tol/ve/index.html","https://mobsp.qzz.io/tol/ve/index.html","https://raw.githubusercontent.com/mobsp/mobsp.github.io/main/tol/ve/index.html"
"mobsp","mobsp.github.io","main","tol/x-harv","tol/x-harv/index.html","https://mobsp.qzz.io/tol/x-harv/index.html","https://raw.githubusercontent.com/mobsp/mobsp.github.io/main/tol/x-harv/index.html"
"mobsp","mobsp.github.io","main","ROOT","update_icons.js","https://mobsp.qzz.io/update_icons.js","https://raw.githubusercontent.com/mobsp/mobsp.github.io/main/update_icons.js"
"mobsp","mobsp.github.io","main","wiki","wiki/index.html","https://mobsp.qzz.io/wiki/index.html","https://raw.githubusercontent.com/mobsp/mobsp.github.io/main/wiki/index.html"
